camera_id,manufacturer,model,mount,mode_id,mode_name,sensor_w_mm,sensor_h_mm,res_w,res_h,source_url,notes
bmpcc_4k,Blackmagic Design,Pocket Cinema Camera 4K,MFT,4k_dci,4K DCI 17:9 (full sensor),18.96,10.00,4096,2160,https://www.blackmagicdesign.com/products/blackmagicpocketcinemacamera/techspecs/W-CIN-12,maker effective sensor 18.96 x 10.00 mm; computed from pitch (4.629 um = maker full-sensor width / photosites)
bmpcc_4k,Blackmagic Design,Pocket Cinema Camera 4K,MFT,4k_2p4x1,4K 2.4:1,18.96,7.96,4096,1720,https://www.blackmagicdesign.com/products/blackmagicpocketcinemacamera/techspecs/W-CIN-12,full sensor width; computed from pitch (4.629 um = maker full-sensor width / photosites)
bmpcc_4k,Blackmagic Design,Pocket Cinema Camera 4K,MFT,uhd,Ultra HD 16:9 (window),17.78,10.00,3840,2160,https://www.blackmagicdesign.com/products/blackmagicpocketcinemacamera/techspecs/W-CIN-12,manual: UHD BRAW is a sensor window; computed from pitch (4.629 um = maker full-sensor width / photosites)
bmpcc_4k,Blackmagic Design,Pocket Cinema Camera 4K,MFT,2p8k_anamorphic,2.8K 4:3 anamorphic (window),13.33,10.00,2880,2160,https://www.blackmagicdesign.com/products/blackmagicpocketcinemacamera/techspecs/W-CIN-12,computed from pitch (4.629 um = maker full-sensor width / photosites)
bmpcc_4k,Blackmagic Design,Pocket Cinema Camera 4K,MFT,2p6k_16x9,2.6K 16:9 (window),12.44,7.00,2688,1512,https://www.blackmagicdesign.com/products/blackmagicpocketcinemacamera/techspecs/W-CIN-12,high-frame-rate crop; computed from pitch (4.629 um = maker full-sensor width / photosites)
bmpcc_6k,Blackmagic Design,Pocket Cinema Camera 6K,EF,6k_16x9,6K 16:9 (full sensor),23.10,12.99,6144,3456,https://www.blackmagicdesign.com/products/blackmagicpocketcinemacamera/techspecs/W-CIN-12,maker effective sensor 23.10 x 12.99 mm; computed from pitch (3.760 um = maker full-sensor width / photosites); Full/Window status per Blackmagic Pocket manual frame-rate table; original 6K shares sensor/resolutions with 6K G2/Pro (spec page shows G2/Pro)
bmpcc_6k,Blackmagic Design,Pocket Cinema Camera 6K,EF,6k_2p4x1,6K 2.4:1 (window),23.10,9.62,6144,2560,https://www.blackmagicdesign.com/products/blackmagicpocketcinemacamera/techspecs/W-CIN-12,computed from pitch (3.760 um = maker full-sensor width / photosites); Full/Window status per Blackmagic Pocket manual frame-rate table; original 6K shares sensor/resolutions with 6K G2/Pro (spec page shows G2/Pro)
bmpcc_6k,Blackmagic Design,Pocket Cinema Camera 6K,EF,5p7k_17x9,5.7K 17:9 (window),21.60,11.37,5744,3024,https://www.blackmagicdesign.com/products/blackmagicpocketcinemacamera/techspecs/W-CIN-12,computed from pitch (3.760 um = maker full-sensor width / photosites); Full/Window status per Blackmagic Pocket manual frame-rate table; original 6K shares sensor/resolutions with 6K G2/Pro (spec page shows G2/Pro)
bmpcc_6k,Blackmagic Design,Pocket Cinema Camera 6K,EF,3p7k_6x5_ana,3.7K 6:5 anamorphic (window),14.02,11.67,3728,3104,https://www.blackmagicdesign.com/products/blackmagicpocketcinemacamera/techspecs/W-CIN-12,computed from pitch (3.760 um = maker full-sensor width / photosites); Full/Window status per Blackmagic Pocket manual frame-rate table; original 6K shares sensor/resolutions with 6K G2/Pro (spec page shows G2/Pro)
bmpcc_6k,Blackmagic Design,Pocket Cinema Camera 6K,EF,2p8k_17x9,2.8K 17:9 (window),10.83,5.68,2880,1512,https://www.blackmagicdesign.com/products/blackmagicpocketcinemacamera/techspecs/W-CIN-12,tech specs say 2880x1512; 2019 manual lists 2868x1512; computed from pitch (3.760 um = maker full-sensor width / photosites); Full/Window status per Blackmagic Pocket manual frame-rate table; original 6K shares sensor/resolutions with 6K G2/Pro (spec page shows G2/Pro)
bmpcc_6k_g2,Blackmagic Design,Pocket Cinema Camera 6K G2,EF,6k_16x9,6K 16:9 (full sensor),23.10,12.99,6144,3456,https://www.blackmagicdesign.com/products/blackmagicpocketcinemacamera/techspecs/W-CIN-12,maker effective sensor 23.10 x 12.99 mm; computed from pitch (3.760 um = maker full-sensor width / photosites); Full/Window status per Blackmagic Pocket manual frame-rate table
bmpcc_6k_g2,Blackmagic Design,Pocket Cinema Camera 6K G2,EF,6k_2p4x1,6K 2.4:1 (window),23.10,9.62,6144,2560,https://www.blackmagicdesign.com/products/blackmagicpocketcinemacamera/techspecs/W-CIN-12,computed from pitch (3.760 um = maker full-sensor width / photosites); Full/Window status per Blackmagic Pocket manual frame-rate table
bmpcc_6k_g2,Blackmagic Design,Pocket Cinema Camera 6K G2,EF,5p7k_17x9,5.7K 17:9 (window),21.60,11.37,5744,3024,https://www.blackmagicdesign.com/products/blackmagicpocketcinemacamera/techspecs/W-CIN-12,computed from pitch (3.760 um = maker full-sensor width / photosites); Full/Window status per Blackmagic Pocket manual frame-rate table
bmpcc_6k_g2,Blackmagic Design,Pocket Cinema Camera 6K G2,EF,3p7k_6x5_ana,3.7K 6:5 anamorphic (window),14.02,11.67,3728,3104,https://www.blackmagicdesign.com/products/blackmagicpocketcinemacamera/techspecs/W-CIN-12,computed from pitch (3.760 um = maker full-sensor width / photosites); Full/Window status per Blackmagic Pocket manual frame-rate table
bmpcc_6k_g2,Blackmagic Design,Pocket Cinema Camera 6K G2,EF,2p8k_17x9,2.8K 17:9 (window),10.83,5.68,2880,1512,https://www.blackmagicdesign.com/products/blackmagicpocketcinemacamera/techspecs/W-CIN-12,tech specs say 2880x1512; 2019 manual lists 2868x1512; computed from pitch (3.760 um = maker full-sensor width / photosites); Full/Window status per Blackmagic Pocket manual frame-rate table
bmpcc_6k_pro,Blackmagic Design,Pocket Cinema Camera 6K Pro,EF,6k_16x9,6K 16:9 (full sensor),23.10,12.99,6144,3456,https://www.blackmagicdesign.com/products/blackmagicpocketcinemacamera/techspecs/W-CIN-12,maker effective sensor 23.10 x 12.99 mm; computed from pitch (3.760 um = maker full-sensor width / photosites); Full/Window status per Blackmagic Pocket manual frame-rate table
bmpcc_6k_pro,Blackmagic Design,Pocket Cinema Camera 6K Pro,EF,6k_2p4x1,6K 2.4:1 (window),23.10,9.62,6144,2560,https://www.blackmagicdesign.com/products/blackmagicpocketcinemacamera/techspecs/W-CIN-12,computed from pitch (3.760 um = maker full-sensor width / photosites); Full/Window status per Blackmagic Pocket manual frame-rate table
bmpcc_6k_pro,Blackmagic Design,Pocket Cinema Camera 6K Pro,EF,5p7k_17x9,5.7K 17:9 (window),21.60,11.37,5744,3024,https://www.blackmagicdesign.com/products/blackmagicpocketcinemacamera/techspecs/W-CIN-12,computed from pitch (3.760 um = maker full-sensor width / photosites); Full/Window status per Blackmagic Pocket manual frame-rate table
bmpcc_6k_pro,Blackmagic Design,Pocket Cinema Camera 6K Pro,EF,3p7k_6x5_ana,3.7K 6:5 anamorphic (window),14.02,11.67,3728,3104,https://www.blackmagicdesign.com/products/blackmagicpocketcinemacamera/techspecs/W-CIN-12,computed from pitch (3.760 um = maker full-sensor width / photosites); Full/Window status per Blackmagic Pocket manual frame-rate table
bmpcc_6k_pro,Blackmagic Design,Pocket Cinema Camera 6K Pro,EF,2p8k_17x9,2.8K 17:9 (window),10.83,5.68,2880,1512,https://www.blackmagicdesign.com/products/blackmagicpocketcinemacamera/techspecs/W-CIN-12,tech specs say 2880x1512; 2019 manual lists 2868x1512; computed from pitch (3.760 um = maker full-sensor width / photosites); Full/Window status per Blackmagic Pocket manual frame-rate table
bm_cinema_camera_6k,Blackmagic Design,Cinema Camera 6K,L-Mount,open_gate,6K 3:2 open gate (full sensor),36.00,24.00,6048,4032,https://www.blackmagicdesign.com/products/blackmagiccinemacamera/techspecs,maker effective sensor 36 x 24 mm; computed from pitch (5.952 um = maker full-sensor width / photosites)
bm_cinema_camera_6k,Blackmagic Design,Cinema Camera 6K,L-Mount,6k_17x9,6K DCI 17:9,36.00,19.05,6048,3200,https://www.blackmagicdesign.com/products/blackmagiccinemacamera/techspecs,computed from pitch (5.952 um = maker full-sensor width / photosites)
bm_cinema_camera_6k,Blackmagic Design,Cinema Camera 6K,L-Mount,6k_2p4x1,6K 2.4:1,36.00,15.00,6048,2520,https://www.blackmagicdesign.com/products/blackmagiccinemacamera/techspecs,computed from pitch (5.952 um = maker full-sensor width / photosites)
bm_cinema_camera_6k,Blackmagic Design,Cinema Camera 6K,L-Mount,6x5_anamorphic,6:5 anamorphic (4832x4032),28.76,24.00,4832,4032,https://www.blackmagicdesign.com/products/blackmagiccinemacamera/techspecs,computed from pitch (5.952 um = maker full-sensor width / photosites)
bm_cinema_camera_6k,Blackmagic Design,Cinema Camera 6K,L-Mount,s35_4x3,Super 35 4:3 (4096x3072),24.38,18.29,4096,3072,https://www.blackmagicdesign.com/products/blackmagiccinemacamera/techspecs,assumes 1:1 sensor window; computed from pitch (5.952 um = maker full-sensor width / photosites)
bm_cinema_camera_6k,Blackmagic Design,Cinema Camera 6K,L-Mount,4k_17x9_s35,4K DCI 17:9 (S35 window),24.38,12.86,4096,2160,https://www.blackmagicdesign.com/products/blackmagiccinemacamera/techspecs,assumes 1:1 sensor window - Blackmagic does not state window vs scale on spec page; computed from pitch (5.952 um = maker full-sensor width / photosites)
bm_cinema_camera_6k,Blackmagic Design,Cinema Camera 6K,L-Mount,s16_16x9,Super 16 16:9 (2112x1184),12.57,7.05,2112,1184,https://www.blackmagicdesign.com/products/blackmagiccinemacamera/techspecs,assumes 1:1 sensor window; computed from pitch (5.952 um = maker full-sensor width / photosites)
bm_pyxis_6k,Blackmagic Design,PYXIS 6K,L-Mount;EF;PL,open_gate,6K 3:2 open gate (full sensor),36.00,24.00,6048,4032,https://www.blackmagicdesign.com/products/blackmagicpyxis/techspecs,maker effective sensor 36 x 24 mm; computed from pitch (5.952 um = maker full-sensor width / photosites); mount is per model variant
bm_pyxis_6k,Blackmagic Design,PYXIS 6K,L-Mount;EF;PL,6k_17x9,6K DCI 17:9,36.00,19.05,6048,3200,https://www.blackmagicdesign.com/products/blackmagicpyxis/techspecs,computed from pitch (5.952 um = maker full-sensor width / photosites); mount is per model variant
bm_pyxis_6k,Blackmagic Design,PYXIS 6K,L-Mount;EF;PL,6k_2p4x1,6K 2.4:1,36.00,15.00,6048,2520,https://www.blackmagicdesign.com/products/blackmagicpyxis/techspecs,computed from pitch (5.952 um = maker full-sensor width / photosites); mount is per model variant
bm_pyxis_6k,Blackmagic Design,PYXIS 6K,L-Mount;EF;PL,6k_16x9,6K 16:9,36.00,20.29,6048,3408,https://www.blackmagicdesign.com/products/blackmagicpyxis/techspecs,computed from pitch (5.952 um = maker full-sensor width / photosites); mount is per model variant
bm_pyxis_6k,Blackmagic Design,PYXIS 6K,L-Mount;EF;PL,6x5_anamorphic,6:5 anamorphic (4832x4032),28.76,24.00,4832,4032,https://www.blackmagicdesign.com/products/blackmagicpyxis/techspecs,computed from pitch (5.952 um = maker full-sensor width / photosites); mount is per model variant
bm_pyxis_6k,Blackmagic Design,PYXIS 6K,L-Mount;EF;PL,s35_4x3,Super 35 4:3 (4096x3072),24.38,18.29,4096,3072,https://www.blackmagicdesign.com/products/blackmagicpyxis/techspecs,assumes 1:1 sensor window; computed from pitch (5.952 um = maker full-sensor width / photosites); mount is per model variant
bm_pyxis_6k,Blackmagic Design,PYXIS 6K,L-Mount;EF;PL,4k_17x9_s35,4K DCI 17:9 (S35 window),24.38,12.86,4096,2160,https://www.blackmagicdesign.com/products/blackmagicpyxis/techspecs,assumes 1:1 sensor window - Blackmagic does not state window vs scale on spec page; computed from pitch (5.952 um = maker full-sensor width / photosites); mount is per model variant
bm_pyxis_6k,Blackmagic Design,PYXIS 6K,L-Mount;EF;PL,s16_16x9,Super 16 16:9 (2112x1184),12.57,7.05,2112,1184,https://www.blackmagicdesign.com/products/blackmagicpyxis/techspecs,assumes 1:1 sensor window; computed from pitch (5.952 um = maker full-sensor width / photosites); mount is per model variant
ursa_cine_12k,Blackmagic Design,URSA Cine 12K LF,PL;EF,open_gate,12K 3:2 open gate (full sensor),35.64,23.32,12288,8040,https://www.blackmagicdesign.com/products/blackmagicursacine/techspecs,maker effective sensor 35.64 x 23.32 mm; computed from pitch (2.900 um = maker full-sensor width / photosites)
ursa_cine_12k,Blackmagic Design,URSA Cine 12K LF,PL;EF,12k_17x9,12K 17:9,35.64,18.79,12288,6480,https://www.blackmagicdesign.com/products/blackmagicursacine/techspecs,computed from pitch (2.900 um = maker full-sensor width / photosites)
ursa_cine_12k,Blackmagic Design,URSA Cine 12K LF,PL;EF,12k_16x9,12K 16:9,35.64,20.05,12288,6912,https://www.blackmagicdesign.com/products/blackmagicursacine/techspecs,computed from pitch (2.900 um = maker full-sensor width / photosites)
ursa_cine_12k,Blackmagic Design,URSA Cine 12K LF,PL;EF,12k_2p4x1,12K 2.4:1,35.64,14.83,12288,5112,https://www.blackmagicdesign.com/products/blackmagicursacine/techspecs,computed from pitch (2.900 um = maker full-sensor width / photosites)
ursa_cine_12k,Blackmagic Design,URSA Cine 12K LF,PL;EF,12k_6x5,12K 6:5 anamorphic,27.98,23.32,9648,8040,https://www.blackmagicdesign.com/products/blackmagicursacine/techspecs,computed from pitch (2.900 um = maker full-sensor width / photosites)
ursa_cine_12k,Blackmagic Design,URSA Cine 12K LF,PL;EF,9k_3x2_s35,9K 3:2 (Super 35 crop),27.29,18.17,9408,6264,https://www.blackmagicdesign.com/products/blackmagicursacine/techspecs,window; computed from pitch (2.900 um = maker full-sensor width / photosites)
ursa_cine_12k,Blackmagic Design,URSA Cine 12K LF,PL;EF,8k_3x2_og,8K 3:2 open gate (scaled from full sensor),35.64,23.32,8192,5360,https://www.blackmagicdesign.com/products/blackmagicursacine/techspecs,area = full sensor; scaled readout (assumed per Blackmagic 12K RGBW scaling); computed from pitch (2.900 um = maker full-sensor width / photosites)
ursa_cine_12k,Blackmagic Design,URSA Cine 12K LF,PL;EF,4k_16x9,4K 16:9 (scaled from 12K 16:9),35.64,20.05,4096,2304,https://www.blackmagicdesign.com/products/blackmagicursacine/techspecs,area = 12K 16:9; scaled (assumed); computed from pitch (2.900 um = maker full-sensor width / photosites)
bm_pyxis_12k,Blackmagic Design,PYXIS 12K,L-Mount;EF;PL,open_gate,12K 3:2 open gate (full sensor),35.64,23.32,12288,8040,https://www.blackmagicdesign.com/products/blackmagicpyxis/techspecs,maker effective sensor 35.64 x 23.32 mm; computed from pitch (2.900 um = maker full-sensor width / photosites); mount is per model variant
bm_pyxis_12k,Blackmagic Design,PYXIS 12K,L-Mount;EF;PL,12k_17x9,12K 17:9,35.64,18.79,12288,6480,https://www.blackmagicdesign.com/products/blackmagicpyxis/techspecs,computed from pitch (2.900 um = maker full-sensor width / photosites); mount is per model variant
bm_pyxis_12k,Blackmagic Design,PYXIS 12K,L-Mount;EF;PL,12k_16x9,12K 16:9,35.64,20.05,12288,6912,https://www.blackmagicdesign.com/products/blackmagicpyxis/techspecs,computed from pitch (2.900 um = maker full-sensor width / photosites); mount is per model variant
bm_pyxis_12k,Blackmagic Design,PYXIS 12K,L-Mount;EF;PL,12k_2p4x1,12K 2.4:1,35.64,14.83,12288,5112,https://www.blackmagicdesign.com/products/blackmagicpyxis/techspecs,computed from pitch (2.900 um = maker full-sensor width / photosites); mount is per model variant
bm_pyxis_12k,Blackmagic Design,PYXIS 12K,L-Mount;EF;PL,12k_6x5,12K 6:5 anamorphic,27.98,23.32,9648,8040,https://www.blackmagicdesign.com/products/blackmagicpyxis/techspecs,computed from pitch (2.900 um = maker full-sensor width / photosites); mount is per model variant
bm_pyxis_12k,Blackmagic Design,PYXIS 12K,L-Mount;EF;PL,9k_3x2_s35,9K 3:2 (Super 35 crop),27.29,18.17,9408,6264,https://www.blackmagicdesign.com/products/blackmagicpyxis/techspecs,window; computed from pitch (2.900 um = maker full-sensor width / photosites); mount is per model variant
bm_pyxis_12k,Blackmagic Design,PYXIS 12K,L-Mount;EF;PL,8k_3x2_og,8K 3:2 open gate (scaled from full sensor),35.64,23.32,8192,5360,https://www.blackmagicdesign.com/products/blackmagicpyxis/techspecs,area = full sensor; scaled readout (assumed per Blackmagic 12K RGBW scaling); computed from pitch (2.900 um = maker full-sensor width / photosites); mount is per model variant
bm_pyxis_12k,Blackmagic Design,PYXIS 12K,L-Mount;EF;PL,4k_16x9,4K 16:9 (scaled from 12K 16:9),35.64,20.05,4096,2304,https://www.blackmagicdesign.com/products/blackmagicpyxis/techspecs,area = 12K 16:9; scaled (assumed); computed from pitch (2.900 um = maker full-sensor width / photosites); mount is per model variant
ursa_cine_17k_65,Blackmagic Design,URSA Cine 17K 65,PL;LPL,open_gate,17K 2.2:1 open gate (full sensor),50.81,23.32,17520,8040,https://www.lensrentals.com/product-assets/22fac6da-9c01-4dce-bbf3-e9e6cf2cd92b/blackmagic-ursa-cine-17k-65-evf-techspecs.pdf,maker effective sensor 50.81 x 23.32 mm; computed from pitch (2.900 um = maker full-sensor width / photosites); source is Blackmagic tech-spec sheet PDF rehosted by Lensrentals (blackmagicdesign.com 17K spec page did not render)
ursa_cine_17k_65,Blackmagic Design,URSA Cine 17K 65,PL;LPL,17k_2x1,17K 2:1,46.77,23.32,16128,8040,https://www.lensrentals.com/product-assets/22fac6da-9c01-4dce-bbf3-e9e6cf2cd92b/blackmagic-ursa-cine-17k-65-evf-techspecs.pdf,computed from pitch (2.900 um = maker full-sensor width / photosites); source is Blackmagic tech-spec sheet PDF rehosted by Lensrentals (blackmagicdesign.com 17K spec page did not render)
ursa_cine_17k_65,Blackmagic Design,URSA Cine 17K 65,PL;LPL,17k_17x9,17K 17:9,44.55,23.32,15360,8040,https://www.lensrentals.com/product-assets/22fac6da-9c01-4dce-bbf3-e9e6cf2cd92b/blackmagic-ursa-cine-17k-65-evf-techspecs.pdf,computed from pitch (2.900 um = maker full-sensor width / photosites); source is Blackmagic tech-spec sheet PDF rehosted by Lensrentals (blackmagicdesign.com 17K spec page did not render)
ursa_cine_17k_65,Blackmagic Design,URSA Cine 17K 65,PL;LPL,17k_16x9,17K 16:9,41.48,23.32,14304,8040,https://www.lensrentals.com/product-assets/22fac6da-9c01-4dce-bbf3-e9e6cf2cd92b/blackmagic-ursa-cine-17k-65-evf-techspecs.pdf,computed from pitch (2.900 um = maker full-sensor width / photosites); source is Blackmagic tech-spec sheet PDF rehosted by Lensrentals (blackmagicdesign.com 17K spec page did not render)
ursa_cine_17k_65,Blackmagic Design,URSA Cine 17K 65,PL;LPL,17k_2p4x1,17K 2.4:1,50.81,21.16,17520,7296,https://www.lensrentals.com/product-assets/22fac6da-9c01-4dce-bbf3-e9e6cf2cd92b/blackmagic-ursa-cine-17k-65-evf-techspecs.pdf,computed from pitch (2.900 um = maker full-sensor width / photosites); source is Blackmagic tech-spec sheet PDF rehosted by Lensrentals (blackmagicdesign.com 17K spec page did not render)
ursa_cine_17k_65,Blackmagic Design,URSA Cine 17K 65,PL;LPL,12k_3x2_lf,12K 3:2 (LF crop),35.64,23.32,12288,8040,https://www.lensrentals.com/product-assets/22fac6da-9c01-4dce-bbf3-e9e6cf2cd92b/blackmagic-ursa-cine-17k-65-evf-techspecs.pdf,window; computed from pitch (2.900 um = maker full-sensor width / photosites); source is Blackmagic tech-spec sheet PDF rehosted by Lensrentals (blackmagicdesign.com 17K spec page did not render)
ursa_cine_17k_65,Blackmagic Design,URSA Cine 17K 65,PL;LPL,12k_6x5,12K 6:5 anamorphic (window),27.98,23.32,9648,8040,https://www.lensrentals.com/product-assets/22fac6da-9c01-4dce-bbf3-e9e6cf2cd92b/blackmagic-ursa-cine-17k-65-evf-techspecs.pdf,computed from pitch (2.900 um = maker full-sensor width / photosites); source is Blackmagic tech-spec sheet PDF rehosted by Lensrentals (blackmagicdesign.com 17K spec page did not render)
ursa_cine_17k_65,Blackmagic Design,URSA Cine 17K 65,PL;LPL,8k_og_scaled,8K 2.2:1 open gate (scaled from full),50.81,23.32,11680,5360,https://www.lensrentals.com/product-assets/22fac6da-9c01-4dce-bbf3-e9e6cf2cd92b/blackmagic-ursa-cine-17k-65-evf-techspecs.pdf,area = full sensor; scaled (assumed); computed from pitch (2.900 um = maker full-sensor width / photosites); source is Blackmagic tech-spec sheet PDF rehosted by Lensrentals (blackmagicdesign.com 17K spec page did not render)
ursa_mini_pro_12k_olpf,Blackmagic Design,URSA Mini Pro 12K OLPF,PL;EF;F,12k_17x9,12K DCI 17:9 (full sensor),27.03,14.25,12288,6480,https://www.blackmagicdesign.com/products/blackmagicursaminipro/techspecs,maker effective sensor 27.03 x 14.25 mm; computed from pitch (2.200 um = maker full-sensor width / photosites)
ursa_mini_pro_12k_olpf,Blackmagic Design,URSA Mini Pro 12K OLPF,PL;EF;F,12k_16x9,12K 16:9,25.34,14.25,11520,6480,https://www.blackmagicdesign.com/products/blackmagicursaminipro/techspecs,computed from pitch (2.200 um = maker full-sensor width / photosites)
ursa_mini_pro_12k_olpf,Blackmagic Design,URSA Mini Pro 12K OLPF,PL;EF;F,12k_2p4x1,12K 2.4:1,27.03,11.24,12288,5112,https://www.blackmagicdesign.com/products/blackmagicursaminipro/techspecs,computed from pitch (2.200 um = maker full-sensor width / photosites)
ursa_mini_pro_12k_olpf,Blackmagic Design,URSA Mini Pro 12K OLPF,PL;EF;F,12k_anamorphic,12K anamorphic 6:5,16.89,14.10,7680,6408,https://www.blackmagicdesign.com/products/blackmagicursaminipro/techspecs,computed from pitch (2.200 um = maker full-sensor width / photosites)
ursa_mini_pro_12k_olpf,Blackmagic Design,URSA Mini Pro 12K OLPF,PL;EF;F,8k_17x9,8K DCI (scaled from full sensor),27.03,14.25,8192,4320,https://www.blackmagicdesign.com/products/blackmagicursaminipro/techspecs,area = full sensor; scaled (assumed); computed from pitch (2.200 um = maker full-sensor width / photosites)
ursa_mini_pro_12k_olpf,Blackmagic Design,URSA Mini Pro 12K OLPF,PL;EF;F,6k_s16,6K Super 16 (window),13.52,7.13,6144,3240,https://www.blackmagicdesign.com/products/blackmagicursaminipro/techspecs,computed from pitch (2.200 um = maker full-sensor width / photosites)
ursa_mini_pro_12k_olpf,Blackmagic Design,URSA Mini Pro 12K OLPF,PL;EF;F,4k_17x9,4K DCI (scaled from full sensor),27.03,14.25,4096,2160,https://www.blackmagicdesign.com/products/blackmagicursaminipro/techspecs,area = full sensor; scaled (assumed); computed from pitch (2.200 um = maker full-sensor width / photosites)
ursa_mini_pro_46k_g2,Blackmagic Design,URSA Mini Pro 4.6K G2,EF;PL;B4;F,4p6k_16x9,4.6K 16:9 (full sensor),25.34,14.25,4608,2592,https://www.blackmagicdesign.com/products/blackmagicursaminipro/techspecs,maker effective sensor 25.34 x 14.25 mm; computed from pitch (5.499 um = maker full-sensor width / photosites)
ursa_mini_pro_46k_g2,Blackmagic Design,URSA Mini Pro 4.6K G2,EF;PL;B4;F,4p6k_2p4x1,4.6K 2.40:1,25.34,10.56,4608,1920,https://www.blackmagicdesign.com/products/blackmagicursaminipro/techspecs,computed from pitch (5.499 um = maker full-sensor width / photosites)
ursa_mini_pro_46k_g2,Blackmagic Design,URSA Mini Pro 4.6K G2,EF;PL;B4;F,4k_16x9,4K 16:9 (window),22.52,12.67,4096,2304,https://www.blackmagicdesign.com/products/blackmagicursaminipro/techspecs,assumes window; computed from pitch (5.499 um = maker full-sensor width / photosites)
ursa_mini_pro_46k_g2,Blackmagic Design,URSA Mini Pro 4.6K G2,EF;PL;B4;F,4k_17x9,4K DCI (window),22.52,11.88,4096,2160,https://www.blackmagicdesign.com/products/blackmagicursaminipro/techspecs,assumes window; computed from pitch (5.499 um = maker full-sensor width / photosites)
ursa_mini_pro_46k_g2,Blackmagic Design,URSA Mini Pro 4.6K G2,EF;PL;B4;F,3k_anamorphic,3K 6:5 anamorphic (window),16.89,14.08,3072,2560,https://www.blackmagicdesign.com/products/blackmagicursaminipro/techspecs,assumes window; computed from pitch (5.499 um = maker full-sensor width / photosites)
arri_alexa_35,ARRI,ALEXA 35,LPL;PL,open_gate,4.6K 3:2 Open Gate,27.99,19.22,4608,3164,https://www.arri.com/resource/blob/296424/88454a5a3dee9fe1d3fd68e75aa3411e/alexa-35-recording-format-poster-data.pdf,
arri_alexa_35,ARRI,ALEXA 35,LPL;PL,4p6k_16x9,4.6K 16:9,27.99,15.75,4608,2592,https://www.arri.com/resource/blob/296424/88454a5a3dee9fe1d3fd68e75aa3411e/alexa-35-recording-format-poster-data.pdf,
arri_alexa_35,ARRI,ALEXA 35,LPL;PL,4k_16x9,4K 16:9 (also UHD/2K/HD output),24.88,14.00,4096,2304,https://www.arri.com/resource/blob/296424/88454a5a3dee9fe1d3fd68e75aa3411e/alexa-35-recording-format-poster-data.pdf,UHD/2K/HD downsampled from this area
arri_alexa_35,ARRI,ALEXA 35,LPL;PL,3p8k_16x9,3.8K 16:9 (UHD 1:1),23.33,13.12,3840,2160,https://www.arri.com/resource/blob/296424/88454a5a3dee9fe1d3fd68e75aa3411e/alexa-35-recording-format-poster-data.pdf,
arri_alexa_35,ARRI,ALEXA 35,LPL;PL,4k_2x1,4K 2:1,24.88,12.44,4096,2048,https://www.arri.com/resource/blob/296424/88454a5a3dee9fe1d3fd68e75aa3411e/alexa-35-recording-format-poster-data.pdf,
arri_alexa_35,ARRI,ALEXA 35,LPL;PL,3p3k_6x5,3.3K 6:5 (anamorphic 2x),20.22,16.95,3328,2790,https://www.arri.com/resource/blob/296424/88454a5a3dee9fe1d3fd68e75aa3411e/alexa-35-recording-format-poster-data.pdf,
arri_alexa_35,ARRI,ALEXA 35,LPL;PL,3k_1x1,3K 1:1,18.66,18.66,3072,3072,https://www.arri.com/resource/blob/296424/88454a5a3dee9fe1d3fd68e75aa3411e/alexa-35-recording-format-poster-data.pdf,
arri_alexa_35,ARRI,ALEXA 35,LPL;PL,2k_s16,2K 16:9 S16,12.44,7.00,2048,1152,https://www.arri.com/resource/blob/296424/88454a5a3dee9fe1d3fd68e75aa3411e/alexa-35-recording-format-poster-data.pdf,
arri_alexa_35_xtreme,ARRI,ALEXA 35 Xtreme,LPL;PL,open_gate,4.6K 3:2 Open Gate,27.99,19.22,4608,3164,https://www.arri.com/resource/blob/400322/3ccb33a431efbe7eb9223444c0468cac/recording-formats-poster-data.pdf,
arri_alexa_35_xtreme,ARRI,ALEXA 35 Xtreme,LPL;PL,4p6k_16x9,4.6K 16:9,27.99,15.75,4608,2592,https://www.arri.com/resource/blob/400322/3ccb33a431efbe7eb9223444c0468cac/recording-formats-poster-data.pdf,
arri_alexa_35_xtreme,ARRI,ALEXA 35 Xtreme,LPL;PL,4k_16x9,4K 16:9,24.88,14.00,4096,2304,https://www.arri.com/resource/blob/400322/3ccb33a431efbe7eb9223444c0468cac/recording-formats-poster-data.pdf,
arri_alexa_35_xtreme,ARRI,ALEXA 35 Xtreme,LPL;PL,3p8k_16x9,3.8K 16:9,23.33,13.12,3840,2160,https://www.arri.com/resource/blob/400322/3ccb33a431efbe7eb9223444c0468cac/recording-formats-poster-data.pdf,
arri_alexa_35_xtreme,ARRI,ALEXA 35 Xtreme,LPL;PL,3p8k_2p39x1,3.8K 2.39:1,23.33,9.77,3840,1608,https://www.arri.com/resource/blob/400322/3ccb33a431efbe7eb9223444c0468cac/recording-formats-poster-data.pdf,
arri_alexa_35_xtreme,ARRI,ALEXA 35 Xtreme,LPL;PL,3p3k_6x5,3.3K 6:5,20.22,16.95,3328,2790,https://www.arri.com/resource/blob/400322/3ccb33a431efbe7eb9223444c0468cac/recording-formats-poster-data.pdf,
arri_alexa_35_xtreme,ARRI,ALEXA 35 Xtreme,LPL;PL,2k_s16,2K 16:9 S16,12.44,7.00,2048,1152,https://www.arri.com/resource/blob/400322/3ccb33a431efbe7eb9223444c0468cac/recording-formats-poster-data.pdf,
arri_alexa_35_xtreme,ARRI,ALEXA 35 Xtreme,LPL;PL,hd_s16,HD 16:9 S16,11.66,6.56,1920,1080,https://www.arri.com/resource/blob/400322/3ccb33a431efbe7eb9223444c0468cac/recording-formats-poster-data.pdf,
arri_alexa_mini_lf,ARRI,ALEXA Mini LF,LPL;PL;EF,open_gate,4.5K LF 3:2 Open Gate,36.70,25.54,4448,3096,https://www.arri.com/resource/blob/261406/13814d134673bd59b6cdb8c9992d0f30/alexa-mini-lf-recording-format-poster-din-a1-data.pdf,
arri_alexa_mini_lf,ARRI,ALEXA Mini LF,LPL;PL;EF,4p5k_2p39x1,4.5K LF 2.39:1,36.70,15.31,4448,1856,https://www.arri.com/resource/blob/261406/13814d134673bd59b6cdb8c9992d0f30/alexa-mini-lf-recording-format-poster-din-a1-data.pdf,
arri_alexa_mini_lf,ARRI,ALEXA Mini LF,LPL;PL;EF,4p3k_16x9,4.3K LF 16:9 (UHD/HD output),35.64,20.05,3840,2160,https://www.arri.com/resource/blob/261406/13814d134673bd59b6cdb8c9992d0f30/alexa-mini-lf-recording-format-poster-din-a1-data.pdf,downsampled to UHD
arri_alexa_mini_lf,ARRI,ALEXA Mini LF,LPL;PL;EF,3p8k_16x9,3.8K LF 16:9 UHD,31.68,17.82,3840,2160,https://www.arri.com/resource/blob/261406/13814d134673bd59b6cdb8c9992d0f30/alexa-mini-lf-recording-format-poster-din-a1-data.pdf,
arri_alexa_mini_lf,ARRI,ALEXA Mini LF,LPL;PL;EF,2p8k_1x1,2.8K LF 1:1,23.76,23.76,2880,2880,https://www.arri.com/resource/blob/261406/13814d134673bd59b6cdb8c9992d0f30/alexa-mini-lf-recording-format-poster-din-a1-data.pdf,
arri_alexa_mini_lf,ARRI,ALEXA Mini LF,LPL;PL;EF,3p4k_s35_3x2,3.4K S35 3:2,28.25,18.17,3424,2202,https://www.arri.com/resource/blob/261406/13814d134673bd59b6cdb8c9992d0f30/alexa-mini-lf-recording-format-poster-din-a1-data.pdf,
arri_alexa_mini_lf,ARRI,ALEXA Mini LF,LPL;PL;EF,2p8k_s35_4x3,2.8K S35 4:3,23.76,17.82,2880,2160,https://www.arri.com/resource/blob/261406/13814d134673bd59b6cdb8c9992d0f30/alexa-mini-lf-recording-format-poster-din-a1-data.pdf,
arri_alexa_lf,ARRI,ALEXA LF,LPL,open_gate,LF Open Gate 4.5K,36.70,25.54,4448,3096,https://www.arri.com/en/learn-help/learn-help-camera-system/frequently-asked-questions/alexa-lf-faq,
arri_alexa_lf,ARRI,ALEXA LF,LPL,lf_16x9_uhd,LF 16:9 UHD,31.68,17.82,3840,2160,https://www.arri.com/en/learn-help/learn-help-camera-system/frequently-asked-questions/alexa-lf-faq,
arri_alexa_lf,ARRI,ALEXA LF,LPL,lf_2p39x1,LF 2.39:1,36.70,15.31,4448,1856,https://www.arri.com/en/learn-help/learn-help-camera-system/frequently-asked-questions/alexa-lf-faq,
arri_alexa_265,ARRI,ALEXA 265,LPL,open_gate,6.5K 2.12:1 Open Gate,54.12,25.58,6560,3100,https://www.arrirental.com/en/cameras/digital-65-mm-cameras/alexa-265,source: ARRI Rental (ARRI Group) product page
arri_alexa_265,ARRI,ALEXA 265,LPL,5p1k_1p65x1,5.1K 1.65:1,42.24,25.58,5120,3100,https://www.arrirental.com/en/cameras/digital-65-mm-cameras/alexa-265,source: ARRI Rental (ARRI Group) product page
arri_alexa_265,ARRI,ALEXA 265,LPL,4p5k_lf_3x2,4.5K LF 3:2,36.70,25.54,4448,3096,https://www.arrirental.com/en/cameras/digital-65-mm-cameras/alexa-265,source: ARRI Rental (ARRI Group) product page
arri_alexa_mini,ARRI,ALEXA Mini,PL;LPL;EF;B4,open_gate,Open Gate 3.4K (ARRIRAW),28.25,18.17,3424,2202,https://www.arri.com/resource/blob/261406/13814d134673bd59b6cdb8c9992d0f30/alexa-mini-lf-recording-format-poster-din-a1-data.pdf,"computed from pitch (8.251 um = 36.70 mm / 4448 per ARRI Mini LF FAQ, which states S35 ARRI cameras use the same photosite size); matches ARRI 3.4K S35 3:2 = 28.25 x 18.17 on Mini LF poster"
arri_alexa_mini,ARRI,ALEXA Mini,PL;LPL;EF;B4,4x3_2p8k,4:3 2.8K,23.76,17.82,2880,2160,https://www.arri.com/resource/blob/261406/13814d134673bd59b6cdb8c9992d0f30/alexa-mini-lf-recording-format-poster-din-a1-data.pdf,"computed from pitch (8.251 um = 36.70 mm / 4448 per ARRI Mini LF FAQ, which states S35 ARRI cameras use the same photosite size); matches ARRI 2.8K S35 4:3 = 23.76 x 17.82"
arri_alexa_mini,ARRI,ALEXA Mini,PL;LPL;EF;B4,16x9_3p2k,16:9 3.2K (ProRes 3.2K; 4K UHD upscaled from this area),26.40,14.85,3200,1800,https://www.arri.com/resource/blob/261406/13814d134673bd59b6cdb8c9992d0f30/alexa-mini-lf-recording-format-poster-din-a1-data.pdf,"computed from pitch (8.251 um = 36.70 mm / 4448 per ARRI Mini LF FAQ, which states S35 ARRI cameras use the same photosite size); matches ARRI 3.2K S35 16:9 = 26.40 x 14.85"
arri_alexa_mini,ARRI,ALEXA Mini,PL;LPL;EF;B4,16x9_2p8k,16:9 2.8K (ARRIRAW 2.8K; HD/2K downsampled),23.76,13.37,2880,1620,https://www.arri.com/resource/blob/261406/13814d134673bd59b6cdb8c9992d0f30/alexa-mini-lf-recording-format-poster-din-a1-data.pdf,"computed from pitch (8.251 um = 36.70 mm / 4448 per ARRI Mini LF FAQ, which states S35 ARRI cameras use the same photosite size); matches ARRI 2.8K S35 16:9 = 23.76 x 13.37"
arri_alexa_mini,ARRI,ALEXA Mini,PL;LPL;EF;B4,s16_hd,S16 HD (1600x900 crop upscaled to HD),13.20,7.43,1920,1080,https://www.arri.com/resource/blob/263084/c32248e1ef6574c538ff2e8361497afb/alexa-mini-sup-6-1-2-release-notes-data.pdf,"computed from pitch (8.251 um = 36.70 mm / 4448 per ARRI Mini LF FAQ, which states S35 ARRI cameras use the same photosite size); mode named in ARRI release notes; 1600x900 crop per ARRI AMIRA manual"
arri_amira,ARRI,AMIRA,PL;EF;B4;LPL,3p2k_16x9,3.2K 16:9 (largest recording area; 4K UHD upscaled from it),26.40,14.85,3200,1800,https://www.arri.com/resource/blob/306128/405250fe8b0d89aea12c02edbc106a9d/1-0-0-camera-product-comparison-arri-camera-models-part-i-data.pdf,ARRI comparison PDF: 3200 x 1800 | 26.40 x 14.85 mm
arri_amira,ARRI,AMIRA,PL;EF;B4;LPL,arriraw_2p8k,ARRIRAW 2.8K 16:9 (HD/2K source area),23.76,13.37,2880,1620,https://www.lensrentals.com/product-assets/217fbbfa-118d-411e-be2b-5aa224e5ae6c/AMIRA_SUP_6.1_-_User_Manual.pdf,"computed from pitch (8.251 um = 36.70 mm / 4448 per ARRI Mini LF FAQ, which states S35 ARRI cameras use the same photosite size); resolutions from ARRI AMIRA SUP 6.1 manual (rehosted by Lensrentals)"
arri_amira,ARRI,AMIRA,PL;EF;B4;LPL,hd,HD (downsampled from 2.8K 16:9),23.76,13.37,1920,1080,https://www.lensrentals.com/product-assets/217fbbfa-118d-411e-be2b-5aa224e5ae6c/AMIRA_SUP_6.1_-_User_Manual.pdf,"computed from pitch (8.251 um = 36.70 mm / 4448 per ARRI Mini LF FAQ, which states S35 ARRI cameras use the same photosite size); resolutions from ARRI AMIRA SUP 6.1 manual (rehosted by Lensrentals); HD area assumed = 2.8K 16:9"
arri_amira,ARRI,AMIRA,PL;EF;B4;LPL,s16_hd,S16 HD (1600x900 centre crop),13.20,7.43,1920,1080,https://www.lensrentals.com/product-assets/217fbbfa-118d-411e-be2b-5aa224e5ae6c/AMIRA_SUP_6.1_-_User_Manual.pdf,"computed from pitch (8.251 um = 36.70 mm / 4448 per ARRI Mini LF FAQ, which states S35 ARRI cameras use the same photosite size); resolutions from ARRI AMIRA SUP 6.1 manual (rehosted by Lensrentals)"
red_v_raptor_8k_vv,RED,V-RAPTOR 8K VV,RF,8k_17x9,8K 17:9 (full sensor),40.96,21.60,8192,4320,https://docs.red.com/955-0199/955-0199_V1.2_Rev_A_RED_PS_V-RAPTOR_Operation_Guide/Content/C_TechSpecs/Specs_V-RAPTOR.htm,sensor 40.96 x 21.60 mm per spec page
red_v_raptor_8k_vv,RED,V-RAPTOR 8K VV,RF,8k_2p4x1,8K 2.4:1,40.96,17.28,8192,3456,"https://docs.red.com/955-0225/955-0225_V1.7%20Rev-A%20RED%20PS,%20V-RAPTOR%20[X]%208K%20VV%20Operation%20Guide%20HTML/Content/4_Menus/b_ProjSet/Format/All_Formats.htm",dims from V-RAPTOR [X] 8K VV format table (same 8192x4320 / 40.96 x 21.60 mm geometry)
red_v_raptor_8k_vv,RED,V-RAPTOR 8K VV,RF,8k_16x9,8K 16:9,38.40,21.60,7680,4320,"https://docs.red.com/955-0225/955-0225_V1.7%20Rev-A%20RED%20PS,%20V-RAPTOR%20[X]%208K%20VV%20Operation%20Guide%20HTML/Content/4_Menus/b_ProjSet/Format/All_Formats.htm",dims from V-RAPTOR [X] 8K VV format table (same 8192x4320 / 40.96 x 21.60 mm geometry)
red_v_raptor_8k_vv,RED,V-RAPTOR 8K VV,RF,8k_6x5_2x,8K 6:5 2x anamorphic,25.92,21.60,5184,4320,"https://docs.red.com/955-0225/955-0225_V1.7%20Rev-A%20RED%20PS,%20V-RAPTOR%20[X]%208K%20VV%20Operation%20Guide%20HTML/Content/4_Menus/b_ProjSet/Format/All_Formats.htm",dims from V-RAPTOR [X] 8K VV format table (same 8192x4320 / 40.96 x 21.60 mm geometry)
red_v_raptor_8k_vv,RED,V-RAPTOR 8K VV,RF,7k_17x9,7K 17:9,35.84,18.90,7168,3780,"https://docs.red.com/955-0225/955-0225_V1.7%20Rev-A%20RED%20PS,%20V-RAPTOR%20[X]%208K%20VV%20Operation%20Guide%20HTML/Content/4_Menus/b_ProjSet/Format/All_Formats.htm",dims from V-RAPTOR [X] 8K VV format table (same 8192x4320 / 40.96 x 21.60 mm geometry)
red_v_raptor_8k_vv,RED,V-RAPTOR 8K VV,RF,6k_17x9,6K 17:9 (S35 crop),30.72,16.20,6144,3240,"https://docs.red.com/955-0225/955-0225_V1.7%20Rev-A%20RED%20PS,%20V-RAPTOR%20[X]%208K%20VV%20Operation%20Guide%20HTML/Content/4_Menus/b_ProjSet/Format/All_Formats.htm",dims from V-RAPTOR [X] 8K VV format table (same 8192x4320 / 40.96 x 21.60 mm geometry)
red_v_raptor_8k_vv,RED,V-RAPTOR 8K VV,RF,6k_2p4x1,6K 2.4:1,30.72,12.87,6144,2574,"https://docs.red.com/955-0225/955-0225_V1.7%20Rev-A%20RED%20PS,%20V-RAPTOR%20[X]%208K%20VV%20Operation%20Guide%20HTML/Content/4_Menus/b_ProjSet/Format/All_Formats.htm","RED table mm (12.87 = 2574 x 5 um); fetched pixel height read 2592, 2574 matches KOMODO 6K 2.4:1 and the mm value; dims from V-RAPTOR [X] 8K VV format table (same 8192x4320 / 40.96 x 21.60 mm geometry)"
red_v_raptor_8k_vv,RED,V-RAPTOR 8K VV,RF,4k_17x9,4K 17:9,20.48,10.80,4096,2160,"https://docs.red.com/955-0225/955-0225_V1.7%20Rev-A%20RED%20PS,%20V-RAPTOR%20[X]%208K%20VV%20Operation%20Guide%20HTML/Content/4_Menus/b_ProjSet/Format/All_Formats.htm",dims from V-RAPTOR [X] 8K VV format table (same 8192x4320 / 40.96 x 21.60 mm geometry)
red_v_raptor_x_8k_vv,RED,V-RAPTOR [X] 8K VV,RF,8k_17x9,8K 17:9 (full sensor),40.96,21.60,8192,4320,"https://docs.red.com/955-0225/955-0225_V1.7+Rev-B+RED+PS,+V-RAPTOR+%5BX%5D+8K+VV+Operation+Guide+HTML/Content/B_TechSpecs/Specs_V-RAPTOR%20[X].htm",sensor 40.96 x 21.60 mm per spec page
red_v_raptor_x_8k_vv,RED,V-RAPTOR [X] 8K VV,RF,8k_2p4x1,8K 2.4:1,40.96,17.28,8192,3456,"https://docs.red.com/955-0225/955-0225_V1.7%20Rev-A%20RED%20PS,%20V-RAPTOR%20[X]%208K%20VV%20Operation%20Guide%20HTML/Content/4_Menus/b_ProjSet/Format/All_Formats.htm",
red_v_raptor_x_8k_vv,RED,V-RAPTOR [X] 8K VV,RF,8k_16x9,8K 16:9,38.40,21.60,7680,4320,"https://docs.red.com/955-0225/955-0225_V1.7%20Rev-A%20RED%20PS,%20V-RAPTOR%20[X]%208K%20VV%20Operation%20Guide%20HTML/Content/4_Menus/b_ProjSet/Format/All_Formats.htm",
red_v_raptor_x_8k_vv,RED,V-RAPTOR [X] 8K VV,RF,8k_6x5_2x,8K 6:5 2x anamorphic,25.92,21.60,5184,4320,"https://docs.red.com/955-0225/955-0225_V1.7%20Rev-A%20RED%20PS,%20V-RAPTOR%20[X]%208K%20VV%20Operation%20Guide%20HTML/Content/4_Menus/b_ProjSet/Format/All_Formats.htm",
red_v_raptor_x_8k_vv,RED,V-RAPTOR [X] 8K VV,RF,7k_17x9,7K 17:9,35.84,18.90,7168,3780,"https://docs.red.com/955-0225/955-0225_V1.7%20Rev-A%20RED%20PS,%20V-RAPTOR%20[X]%208K%20VV%20Operation%20Guide%20HTML/Content/4_Menus/b_ProjSet/Format/All_Formats.htm",
red_v_raptor_x_8k_vv,RED,V-RAPTOR [X] 8K VV,RF,6k_17x9,6K 17:9 (S35 crop),30.72,16.20,6144,3240,"https://docs.red.com/955-0225/955-0225_V1.7%20Rev-A%20RED%20PS,%20V-RAPTOR%20[X]%208K%20VV%20Operation%20Guide%20HTML/Content/4_Menus/b_ProjSet/Format/All_Formats.htm",
red_v_raptor_x_8k_vv,RED,V-RAPTOR [X] 8K VV,RF,6k_2p4x1,6K 2.4:1,30.72,12.87,6144,2574,"https://docs.red.com/955-0225/955-0225_V1.7%20Rev-A%20RED%20PS,%20V-RAPTOR%20[X]%208K%20VV%20Operation%20Guide%20HTML/Content/4_Menus/b_ProjSet/Format/All_Formats.htm","RED table mm (12.87 = 2574 x 5 um); fetched pixel height read 2592, 2574 matches KOMODO 6K 2.4:1 and the mm value"
red_v_raptor_x_8k_vv,RED,V-RAPTOR [X] 8K VV,RF,4k_17x9,4K 17:9,20.48,10.80,4096,2160,"https://docs.red.com/955-0225/955-0225_V1.7%20Rev-A%20RED%20PS,%20V-RAPTOR%20[X]%208K%20VV%20Operation%20Guide%20HTML/Content/4_Menus/b_ProjSet/Format/All_Formats.htm",
red_v_raptor_xl_8k_vv,RED,V-RAPTOR XL 8K VV,PL;EF,8k_17x9,8K 17:9 (full sensor),40.96,21.60,8192,4320,"https://docs.red.com/955-0203/955-0203_V1.3+Rev-B+RED+PS,+V-RAPTOR+XL+8K+VV+Operation+Guide+HTML/Content/C_TechSpecs/Specs_V-RAPTOR_XL.htm",sensor 40.96 x 21.60 mm per spec page
red_v_raptor_xl_8k_vv,RED,V-RAPTOR XL 8K VV,PL;EF,8k_2p4x1,8K 2.4:1,40.96,17.28,8192,3456,"https://docs.red.com/955-0225/955-0225_V1.7%20Rev-A%20RED%20PS,%20V-RAPTOR%20[X]%208K%20VV%20Operation%20Guide%20HTML/Content/4_Menus/b_ProjSet/Format/All_Formats.htm",dims from V-RAPTOR [X] 8K VV format table (same 8192x4320 / 40.96 x 21.60 mm geometry)
red_v_raptor_xl_8k_vv,RED,V-RAPTOR XL 8K VV,PL;EF,8k_16x9,8K 16:9,38.40,21.60,7680,4320,"https://docs.red.com/955-0225/955-0225_V1.7%20Rev-A%20RED%20PS,%20V-RAPTOR%20[X]%208K%20VV%20Operation%20Guide%20HTML/Content/4_Menus/b_ProjSet/Format/All_Formats.htm",dims from V-RAPTOR [X] 8K VV format table (same 8192x4320 / 40.96 x 21.60 mm geometry)
red_v_raptor_xl_8k_vv,RED,V-RAPTOR XL 8K VV,PL;EF,8k_6x5_2x,8K 6:5 2x anamorphic,25.92,21.60,5184,4320,"https://docs.red.com/955-0225/955-0225_V1.7%20Rev-A%20RED%20PS,%20V-RAPTOR%20[X]%208K%20VV%20Operation%20Guide%20HTML/Content/4_Menus/b_ProjSet/Format/All_Formats.htm",dims from V-RAPTOR [X] 8K VV format table (same 8192x4320 / 40.96 x 21.60 mm geometry)
red_v_raptor_xl_8k_vv,RED,V-RAPTOR XL 8K VV,PL;EF,7k_17x9,7K 17:9,35.84,18.90,7168,3780,"https://docs.red.com/955-0225/955-0225_V1.7%20Rev-A%20RED%20PS,%20V-RAPTOR%20[X]%208K%20VV%20Operation%20Guide%20HTML/Content/4_Menus/b_ProjSet/Format/All_Formats.htm",dims from V-RAPTOR [X] 8K VV format table (same 8192x4320 / 40.96 x 21.60 mm geometry)
red_v_raptor_xl_8k_vv,RED,V-RAPTOR XL 8K VV,PL;EF,6k_17x9,6K 17:9 (S35 crop),30.72,16.20,6144,3240,"https://docs.red.com/955-0225/955-0225_V1.7%20Rev-A%20RED%20PS,%20V-RAPTOR%20[X]%208K%20VV%20Operation%20Guide%20HTML/Content/4_Menus/b_ProjSet/Format/All_Formats.htm",dims from V-RAPTOR [X] 8K VV format table (same 8192x4320 / 40.96 x 21.60 mm geometry)
red_v_raptor_xl_8k_vv,RED,V-RAPTOR XL 8K VV,PL;EF,6k_2p4x1,6K 2.4:1,30.72,12.87,6144,2574,"https://docs.red.com/955-0225/955-0225_V1.7%20Rev-A%20RED%20PS,%20V-RAPTOR%20[X]%208K%20VV%20Operation%20Guide%20HTML/Content/4_Menus/b_ProjSet/Format/All_Formats.htm","RED table mm (12.87 = 2574 x 5 um); fetched pixel height read 2592, 2574 matches KOMODO 6K 2.4:1 and the mm value; dims from V-RAPTOR [X] 8K VV format table (same 8192x4320 / 40.96 x 21.60 mm geometry)"
red_v_raptor_xl_8k_vv,RED,V-RAPTOR XL 8K VV,PL;EF,4k_17x9,4K 17:9,20.48,10.80,4096,2160,"https://docs.red.com/955-0225/955-0225_V1.7%20Rev-A%20RED%20PS,%20V-RAPTOR%20[X]%208K%20VV%20Operation%20Guide%20HTML/Content/4_Menus/b_ProjSet/Format/All_Formats.htm",dims from V-RAPTOR [X] 8K VV format table (same 8192x4320 / 40.96 x 21.60 mm geometry)
red_v_raptor_xl_x_8k_vv,RED,V-RAPTOR XL [X] 8K VV,PL;EF,8k_17x9,8K 17:9 (full sensor),40.96,21.60,8192,4320,"https://docs.red.com/955-0227/955-0227_V1.7%20Rev-A%20RED%20PS,%20V-RAPTOR%20XL%20%5BX%5D%208K%20VV%20Operation%20Guide%20HTML/Content/B_TechSpecs/Specs_V-RAPTOR_XL%20%5BX%5D.htm",sensor 40.96 x 21.60 mm per spec page
red_v_raptor_xl_x_8k_vv,RED,V-RAPTOR XL [X] 8K VV,PL;EF,8k_2p4x1,8K 2.4:1,40.96,17.28,8192,3456,"https://docs.red.com/955-0225/955-0225_V1.7%20Rev-A%20RED%20PS,%20V-RAPTOR%20[X]%208K%20VV%20Operation%20Guide%20HTML/Content/4_Menus/b_ProjSet/Format/All_Formats.htm",dims from V-RAPTOR [X] 8K VV format table (same 8192x4320 / 40.96 x 21.60 mm geometry)
red_v_raptor_xl_x_8k_vv,RED,V-RAPTOR XL [X] 8K VV,PL;EF,8k_16x9,8K 16:9,38.40,21.60,7680,4320,"https://docs.red.com/955-0225/955-0225_V1.7%20Rev-A%20RED%20PS,%20V-RAPTOR%20[X]%208K%20VV%20Operation%20Guide%20HTML/Content/4_Menus/b_ProjSet/Format/All_Formats.htm",dims from V-RAPTOR [X] 8K VV format table (same 8192x4320 / 40.96 x 21.60 mm geometry)
red_v_raptor_xl_x_8k_vv,RED,V-RAPTOR XL [X] 8K VV,PL;EF,8k_6x5_2x,8K 6:5 2x anamorphic,25.92,21.60,5184,4320,"https://docs.red.com/955-0225/955-0225_V1.7%20Rev-A%20RED%20PS,%20V-RAPTOR%20[X]%208K%20VV%20Operation%20Guide%20HTML/Content/4_Menus/b_ProjSet/Format/All_Formats.htm",dims from V-RAPTOR [X] 8K VV format table (same 8192x4320 / 40.96 x 21.60 mm geometry)
red_v_raptor_xl_x_8k_vv,RED,V-RAPTOR XL [X] 8K VV,PL;EF,7k_17x9,7K 17:9,35.84,18.90,7168,3780,"https://docs.red.com/955-0225/955-0225_V1.7%20Rev-A%20RED%20PS,%20V-RAPTOR%20[X]%208K%20VV%20Operation%20Guide%20HTML/Content/4_Menus/b_ProjSet/Format/All_Formats.htm",dims from V-RAPTOR [X] 8K VV format table (same 8192x4320 / 40.96 x 21.60 mm geometry)
red_v_raptor_xl_x_8k_vv,RED,V-RAPTOR XL [X] 8K VV,PL;EF,6k_17x9,6K 17:9 (S35 crop),30.72,16.20,6144,3240,"https://docs.red.com/955-0225/955-0225_V1.7%20Rev-A%20RED%20PS,%20V-RAPTOR%20[X]%208K%20VV%20Operation%20Guide%20HTML/Content/4_Menus/b_ProjSet/Format/All_Formats.htm",dims from V-RAPTOR [X] 8K VV format table (same 8192x4320 / 40.96 x 21.60 mm geometry)
red_v_raptor_xl_x_8k_vv,RED,V-RAPTOR XL [X] 8K VV,PL;EF,6k_2p4x1,6K 2.4:1,30.72,12.87,6144,2574,"https://docs.red.com/955-0225/955-0225_V1.7%20Rev-A%20RED%20PS,%20V-RAPTOR%20[X]%208K%20VV%20Operation%20Guide%20HTML/Content/4_Menus/b_ProjSet/Format/All_Formats.htm","RED table mm (12.87 = 2574 x 5 um); fetched pixel height read 2592, 2574 matches KOMODO 6K 2.4:1 and the mm value; dims from V-RAPTOR [X] 8K VV format table (same 8192x4320 / 40.96 x 21.60 mm geometry)"
red_v_raptor_xl_x_8k_vv,RED,V-RAPTOR XL [X] 8K VV,PL;EF,4k_17x9,4K 17:9,20.48,10.80,4096,2160,"https://docs.red.com/955-0225/955-0225_V1.7%20Rev-A%20RED%20PS,%20V-RAPTOR%20[X]%208K%20VV%20Operation%20Guide%20HTML/Content/4_Menus/b_ProjSet/Format/All_Formats.htm",dims from V-RAPTOR [X] 8K VV format table (same 8192x4320 / 40.96 x 21.60 mm geometry)
red_v_raptor_8k_s35,RED,V-RAPTOR 8K S35,RF,8k_17x9,8K 17:9 (full sensor),26.21,13.82,8192,4320,"https://docs.red.com/955-0215/955-0215_V1.4_Rev-B%20RED%20PS,%20V-RAPTOR%208K%20S35%20Operation%20Guide/Content/C_TechSpecs/Specs_V-RAPTOR.htm","spec: 26.21 x 13.82 mm; computed from pitch (3.199 um = maker full-sensor width / photosites); S35 guide format table appears to reprint VV mm values, so not used"
red_v_raptor_8k_s35,RED,V-RAPTOR 8K S35,RF,8k_2p4x1,8K 2.4:1,26.21,11.06,8192,3456,"https://docs.red.com/955-0215/955-0215_V1.4_Rev-B%20RED%20PS,%20V-RAPTOR%208K%20S35%20Operation%20Guide/Content/C_TechSpecs/Specs_V-RAPTOR.htm","computed from pitch (3.199 um = maker full-sensor width / photosites); S35 guide format table appears to reprint VV mm values, so not used"
red_v_raptor_8k_s35,RED,V-RAPTOR 8K S35,RF,8k_16x9,8K 16:9,24.57,13.82,7680,4320,"https://docs.red.com/955-0215/955-0215_V1.4_Rev-B%20RED%20PS,%20V-RAPTOR%208K%20S35%20Operation%20Guide/Content/C_TechSpecs/Specs_V-RAPTOR.htm","computed from pitch (3.199 um = maker full-sensor width / photosites); S35 guide format table appears to reprint VV mm values, so not used"
red_v_raptor_8k_s35,RED,V-RAPTOR 8K S35,RF,8k_6x5_2x,8K 6:5 2x anamorphic,16.59,13.82,5184,4320,"https://docs.red.com/955-0215/955-0215_V1.4_Rev-B%20RED%20PS,%20V-RAPTOR%208K%20S35%20Operation%20Guide/Content/C_TechSpecs/Specs_V-RAPTOR.htm","computed from pitch (3.199 um = maker full-sensor width / photosites); S35 guide format table appears to reprint VV mm values, so not used"
red_v_raptor_8k_s35,RED,V-RAPTOR 8K S35,RF,6k_17x9,6K 17:9,19.66,10.37,6144,3240,"https://docs.red.com/955-0215/955-0215_V1.4_Rev-B%20RED%20PS,%20V-RAPTOR%208K%20S35%20Operation%20Guide/Content/C_TechSpecs/Specs_V-RAPTOR.htm","computed from pitch (3.199 um = maker full-sensor width / photosites); S35 guide format table appears to reprint VV mm values, so not used"
red_v_raptor_8k_s35,RED,V-RAPTOR 8K S35,RF,4k_17x9,4K 17:9,13.11,6.91,4096,2160,"https://docs.red.com/955-0215/955-0215_V1.4_Rev-B%20RED%20PS,%20V-RAPTOR%208K%20S35%20Operation%20Guide/Content/C_TechSpecs/Specs_V-RAPTOR.htm","computed from pitch (3.199 um = maker full-sensor width / photosites); S35 guide format table appears to reprint VV mm values, so not used"
red_komodo_6k,RED,KOMODO 6K,RF,6k_17x9,6K 17:9 (full sensor),27.03,14.26,6144,3240,https://docs.red.com/955-0196_v1.6/Content/4_Menus/ProjSet/Format/Super35.htm,
red_komodo_6k,RED,KOMODO 6K,RF,6k_2p4x1,6K 2.4:1,27.03,11.32,6144,2574,https://docs.red.com/955-0196_v1.6/Content/4_Menus/ProjSet/Format/Super35.htm,
red_komodo_6k,RED,KOMODO 6K,RF,6k_16x9,6K 16:9,25.34,14.26,5760,3240,https://docs.red.com/955-0196_v1.6/Content/4_Menus/ProjSet/Format/Super35.htm,
red_komodo_6k,RED,KOMODO 6K,RF,6k_6x5_2x,6K 6:5 2x anamorphic,17.11,14.26,3888,3240,https://docs.red.com/955-0196_v1.6/Content/4_Menus/ProjSet/Format/Super35_Ana.htm,
red_komodo_6k,RED,KOMODO 6K,RF,6k_4x3_2x,6K 4:3 2x anamorphic,19.01,14.26,4320,3240,https://docs.red.com/955-0196_v1.6/Content/4_Menus/ProjSet/Format/Super35_Ana.htm,RED table prints 18.61 for 4:3 2x but 19.01 for the identical 4320x3240 4:3 1.8x; 19.01 = 4320 x 4.4 um used
red_komodo_6k,RED,KOMODO 6K,RF,5k_17x9,5K 17:9,22.53,11.88,5120,2700,https://docs.red.com/955-0196_v1.6/Content/4_Menus/ProjSet/Format/All_Formats.htm,
red_komodo_6k,RED,KOMODO 6K,RF,4k_17x9,4K 17:9,18.02,9.50,4096,2160,https://docs.red.com/955-0196_v1.6/Content/4_Menus/ProjSet/Format/All_Formats.htm,
red_komodo_6k,RED,KOMODO 6K,RF,4k_16x9,4K 16:9,16.90,9.50,3840,2160,https://docs.red.com/955-0196_v1.6/Content/4_Menus/ProjSet/Format/All_Formats.htm,
red_komodo_x_6k,RED,KOMODO-X 6K,RF,6k_17x9,6K 17:9 (full sensor),27.03,14.26,6144,3240,"https://docs.red.com/955-0219/955-0219_V1.0%20Rev-A%20RED%20PS,%20KOMODO-X%20Operation%20Guide/Content/A_TechSpecs/Specs_KOMODO-X.htm",spec: 27.03 x 14.26 mm
red_komodo_x_6k,RED,KOMODO-X 6K,RF,6k_2p4x1,6K 2.4:1,27.03,11.32,6144,2574,https://docs.red.com/955-0196_v1.6/Content/4_Menus/ProjSet/Format/Super35.htm,dims from KOMODO 6K format table (KOMODO-X has same 6144x3240 / 27.03 x 14.26 mm geometry)
red_komodo_x_6k,RED,KOMODO-X 6K,RF,6k_16x9,6K 16:9,25.34,14.26,5760,3240,https://docs.red.com/955-0196_v1.6/Content/4_Menus/ProjSet/Format/Super35.htm,dims from KOMODO 6K format table (KOMODO-X has same 6144x3240 / 27.03 x 14.26 mm geometry)
red_komodo_x_6k,RED,KOMODO-X 6K,RF,6k_6x5_2x,6K 6:5 2x anamorphic,17.11,14.26,3888,3240,https://docs.red.com/955-0196_v1.6/Content/4_Menus/ProjSet/Format/Super35_Ana.htm,dims from KOMODO 6K format table (KOMODO-X has same 6144x3240 / 27.03 x 14.26 mm geometry)
red_komodo_x_6k,RED,KOMODO-X 6K,RF,6k_4x3_2x,6K 4:3 2x anamorphic,19.01,14.26,4320,3240,https://docs.red.com/955-0196_v1.6/Content/4_Menus/ProjSet/Format/Super35_Ana.htm,RED table prints 18.61 for 4:3 2x but 19.01 for the identical 4320x3240 4:3 1.8x; 19.01 = 4320 x 4.4 um used; dims from KOMODO 6K format table (KOMODO-X has same 6144x3240 / 27.03 x 14.26 mm geometry)
red_komodo_x_6k,RED,KOMODO-X 6K,RF,5k_17x9,5K 17:9,22.53,11.88,5120,2700,https://docs.red.com/955-0196_v1.6/Content/4_Menus/ProjSet/Format/All_Formats.htm,dims from KOMODO 6K format table (KOMODO-X has same 6144x3240 / 27.03 x 14.26 mm geometry)
red_komodo_x_6k,RED,KOMODO-X 6K,RF,4k_17x9,4K 17:9,18.02,9.50,4096,2160,https://docs.red.com/955-0196_v1.6/Content/4_Menus/ProjSet/Format/All_Formats.htm,dims from KOMODO 6K format table (KOMODO-X has same 6144x3240 / 27.03 x 14.26 mm geometry)
red_komodo_x_6k,RED,KOMODO-X 6K,RF,4k_16x9,4K 16:9,16.90,9.50,3840,2160,https://docs.red.com/955-0196_v1.6/Content/4_Menus/ProjSet/Format/All_Formats.htm,dims from KOMODO 6K format table (KOMODO-X has same 6144x3240 / 27.03 x 14.26 mm geometry)
sony_fx3,Sony,FX3 (ILME-FX3),E-Mount,ff_4k,Full frame 4K UHD,35.6,20.03,3840,2160,https://www.sony.co.in/interchangeable-lens-cameras/products/ilme-fx3/spec,"Sony: sensor 35.6x23.8 mm, movie approx 10.3 MP effective; FF angle of view for movies other than 4K 119.88p/100p. computed: height = 35.6 x 9/16 (full sensor width assumed for full-frame movie angle of view)"
sony_fx3,Sony,FX3 (ILME-FX3),E-Mount,ff_4k_120,Full frame 4K 119.88p/100p (cropped angle),,,3840,2160,https://helpguide.sony.net/ilc/2210/v1/en/contents/TP1000882803.html,Sony help guide shows a narrower angle of view for 4K 119.88p/100p but gives no numeric factor; left empty
sony_fx3,Sony,FX3 (ILME-FX3),E-Mount,s35_fhd,APS-C/Super 35mm (FHD only),23.73,13.35,1920,1080,https://helpguide.sony.net/ilc/2210/v1/en/contents/TP1000882803.html,"Sony: approx 1.5x focal length in APS-C/S35; 4K not recordable in this mode. computed: 35.6/1.5 wide, 16:9 height"
sony_fx30,Sony,FX30 (ILME-FX30),E-Mount,s35_4k,Super 35 4K UHD (6K oversampled),22.4,12.6,3840,2160,https://helpguide.sony.net/ilc/2220/v1/en/contents/TP1000882803.html,"Sony: sensor APS-C 23.3x15.5 mm (spec page); movie angle approx 1.04x (excl. 4K 119.88p/100p, RAW off). computed: 23.3/1.04 wide, 16:9 height"
sony_fx30,Sony,FX30 (ILME-FX30),E-Mount,s35_dci_4k,Super 35 DCI 4K (XAVC S-I),22.4,11.81,4096,2160,https://helpguide.sony.net/ilc/2220/v1/en/contents/TP1000882803.html,"computed: assumes same 1.04x width as other standard movie modes, 17:9 height; DCI-specific factor not stated separately"
sony_fx30,Sony,FX30 (ILME-FX30),E-Mount,raw_4_7k,RAW output 4.7K (HDMI),17.92,10.08,4672,2628,https://helpguide.sony.net/ilc/2220/v1/en/contents/TP1000882803.html,"Sony: RAW output on = approx 1.3x; RAW size 4672x2628 per Sony spec. computed: 23.3/1.3 wide, height by pixel aspect"
sony_fx30,Sony,FX30 (ILME-FX30),E-Mount,crop_4k_120,4K 119.88p/100p crop,14.56,8.19,3840,2160,https://helpguide.sony.net/ilc/2220/v1/en/contents/TP1000882803.html,"Sony: approx 1.6x. computed: 23.3/1.6 wide, 16:9 height"
sony_fx2,Sony,FX2 (ILME-FX2),E-Mount,ff_4k,Full frame 4K UHD,35.9,20.19,3840,2160,https://www.sony.co.th/en/electronics/interchangeable-lens-cameras/ilme-fx2/specifications,"Sony: sensor 35.9x23.9 mm, 33 MP stills (7008x4672), approx 27.6 MP movie. computed: full width, 16:9 height (FF angle of view per help guide)"
sony_fx2,Sony,FX2 (ILME-FX2),E-Mount,s35_4k60,Super 35mm 4K 59.94p/50p,23.93,13.46,3840,2160,https://helpguide.sony.net/ilc/2530/v1/en/contents/0404M_angle_of_view.html,"Sony: 4K 59.94p/50p is APS-C/Super35 equivalent, approx 1.5x. computed: 35.9/1.5 wide, 16:9 height"
sony_fx6,Sony,FX6 (ILME-FX6),E-Mount,ff_dci_4k,Full frame DCI 4K,,,4096,2160,https://www.sony-latin.com/en/electronics/support/camcorders-and-video-cameras-interchangeable-lens-camcorders/ilme-fx6v/specifications,"Sony: 35mm full-frame single-chip CMOS, approx 10.2 MP effective; no active-area mm published on reachable Sony pages"
sony_fx6,Sony,FX6 (ILME-FX6),E-Mount,ff_qfhd_120,Full frame QFHD 120p (approx 10% crop),,,3840,2160,https://pro.sony/en_KH/press/electronics-launches-fx6-full-frame-professional-camera-expand-cinema-line,Sony: approx 10% image crop at 4K 120p; base FF area not published in mm
sony_fx6,Sony,FX6 (ILME-FX6),E-Mount,s35_hd,Super 35 scan (HD),,,1920,1080,https://content.abt.com/documents/176462/sony-camcorder-ILME-FX6V-spec-sheet.pdf,"Sony spec sheet (2020, hosted by retailer) references Super-35 scan; mm not published"
sony_fx9,Sony,PXW-FX9,E-Mount,ff_6k,Full frame 6K scan (4K output),,,4096,2160,https://pro.sony/ue_US/pdf/products/handheld-camcorders/pxw-fx9,"Sony: 1.38-in full-frame CMOS, 20.5 MP total; mm active area not published on Sony page"
sony_fx9,Sony,PXW-FX9,E-Mount,s35_4k,Super 35 4K scan,,,4096,2160,https://pro.sony/ue_US/pdf/products/handheld-camcorders/pxw-fx9,mm not published
sony_fx9,Sony,PXW-FX9,E-Mount,s16_2k,Super 16 2K scan,,,1920,1080,https://pro.sony/ue_US/pdf/products/handheld-camcorders/pxw-fx9,needs V3 firmware; mm not published
sony_burano,Sony,BURANO (MPC-2610),PL;E-Mount,ff_8_6k_16x9,FF 8.6K 16:9,35.9,20.2,8632,4856,https://pro.sony/ue_US/products/digital-cinema-cameras/burano,maker table (X-OCN LT)
sony_burano,Sony,BURANO (MPC-2610),PL;E-Mount,ff_8_6k_17x9,FF 8.6K 17:9,35.9,18.9,8632,4552,https://pro.sony/ue_US/products/digital-cinema-cameras/burano,maker table (X-OCN LT)
sony_burano,Sony,BURANO (MPC-2610),PL;E-Mount,ffc_6k_16x9,FFc 6K 16:9,33.6,18.9,6052,3404,https://pro.sony/ue_US/products/digital-cinema-cameras/burano,"maker table (X-OCN LT); maker-stated area larger than 1:1 pixel pitch implies, i.e. downsampled readout"
sony_burano,Sony,BURANO (MPC-2610),PL;E-Mount,s35_5_8k_17x9,S35 5.8K 17:9,24,12.6,5760,3036,https://pro.sony/ue_US/products/digital-cinema-cameras/burano,maker table (X-OCN LT)
sony_burano,Sony,BURANO (MPC-2610),PL;E-Mount,s35_4_3k_4x3,S35 4.3K 4:3 (anamorphic),23.6,17.7,4256,3192,https://pro.sony/ue_US/products/digital-cinema-cameras/burano,maker table (X-OCN LT)
sony_burano,Sony,BURANO (MPC-2610),PL;E-Mount,s35c_4k_17x9,S35c 4K 17:9,17,9,4096,2160,https://pro.sony/ue_US/products/digital-cinema-cameras/burano,maker table (X-OCN LT)
sony_venice,Sony,VENICE (MPC-3610),PL;E-Mount,ff_6k_3x2,6K 3:2 (full frame),35.9,24,6048,4032,https://pro.sony/ue_US/products/digital-cinema-cameras/venice,maker imager-mode table; full-frame license
sony_venice,Sony,VENICE (MPC-3610),PL;E-Mount,ff_6k_17x9,6K 17:9,36,19,6054,3192,https://pro.sony/ue_US/products/digital-cinema-cameras/venice,maker imager-mode table; full-frame license
sony_venice,Sony,VENICE (MPC-3610),PL;E-Mount,ff_6k_2_39,6K 2.39:1,35.9,15,6048,2534,https://pro.sony/ue_US/products/digital-cinema-cameras/venice,maker imager-mode table; full-frame license
sony_venice,Sony,VENICE (MPC-3610),PL;E-Mount,s35_4k_6x5,4K 6:5 (anamorphic),24.3,20.4,4096,3432,https://pro.sony/ue_US/products/digital-cinema-cameras/venice,maker imager-mode table; anamorphic license
sony_venice,Sony,VENICE (MPC-3610),PL;E-Mount,s35_4k_4x3,4K 4:3 (anamorphic),24.3,18,4096,3024,https://pro.sony/ue_US/products/digital-cinema-cameras/venice,maker imager-mode table; anamorphic license
sony_venice,Sony,VENICE (MPC-3610),PL;E-Mount,s35_4k_17x9,4K 17:9 (Super 35),24.3,12.8,4096,2160,https://pro.sony/ue_US/products/digital-cinema-cameras/venice,maker imager-mode table; no license
sony_venice_2_8k,Sony,VENICE 2 (8K sensor block),PL;E-Mount,ff_8_6k_3x2,8.6K 3:2 (full frame),35.9,24,8640,5760,https://pro.sony/ue_US/products/digital-cinema-cameras/venice2,"maker imager-mode table, 8K block"
sony_venice_2_8k,Sony,VENICE 2 (8K sensor block),PL;E-Mount,ff_8_6k_17x9,8.6K 17:9,35.9,19,8640,4556,https://pro.sony/ue_US/products/digital-cinema-cameras/venice2,"maker imager-mode table, 8K block"
sony_venice_2_8k,Sony,VENICE 2 (8K sensor block),PL;E-Mount,ff_8_2k_2_39,8.2K 2.39:1,34.1,14.3,8192,3432,https://pro.sony/ue_US/products/digital-cinema-cameras/venice2,"maker imager-mode table, 8K block"
sony_venice_2_8k,Sony,VENICE 2 (8K sensor block),PL;E-Mount,s35_5_8k_6x5,5.8K 6:5 (anamorphic),24.1,20.2,5792,4854,https://pro.sony/ue_US/products/digital-cinema-cameras/venice2,"maker imager-mode table, 8K block"
sony_venice_2_8k,Sony,VENICE 2 (8K sensor block),PL;E-Mount,s35_5_8k_4x3,5.8K 4:3 (anamorphic),24.1,17.8,5792,4276,https://pro.sony/ue_US/products/digital-cinema-cameras/venice2,"maker imager-mode table, 8K block"
sony_venice_2_8k,Sony,VENICE 2 (8K sensor block),PL;E-Mount,s35_5_8k_17x9,5.8K 17:9 (Super 35),24.1,12.7,5792,3056,https://pro.sony/ue_US/products/digital-cinema-cameras/venice2,"maker imager-mode table, 8K block"
sony_venice_2_6k,Sony,VENICE 2 (6K sensor block),PL;E-Mount,ff_6k_3x2,6K 3:2 (full frame),35.9,24,6048,4032,https://pro.sony/ue_US/products/digital-cinema-cameras/venice2,"maker imager-mode table, 6K block"
sony_venice_2_6k,Sony,VENICE 2 (6K sensor block),PL;E-Mount,ff_6k_17x9,6K 17:9,36,19,6054,3192,https://pro.sony/ue_US/products/digital-cinema-cameras/venice2,"maker imager-mode table, 6K block"
sony_venice_2_6k,Sony,VENICE 2 (6K sensor block),PL;E-Mount,ff_6k_2_39,6K 2.39:1,35.9,15,6048,2534,https://pro.sony/ue_US/products/digital-cinema-cameras/venice2,"maker imager-mode table, 6K block"
sony_venice_2_6k,Sony,VENICE 2 (6K sensor block),PL;E-Mount,s35_4k_6x5,4K 6:5 (anamorphic),24.3,20.4,4096,3432,https://pro.sony/ue_US/products/digital-cinema-cameras/venice2,"maker imager-mode table, 6K block"
sony_venice_2_6k,Sony,VENICE 2 (6K sensor block),PL;E-Mount,s35_4k_4x3,4K 4:3 (anamorphic),24.3,18,4096,3024,https://pro.sony/ue_US/products/digital-cinema-cameras/venice2,"maker imager-mode table, 6K block"
sony_venice_2_6k,Sony,VENICE 2 (6K sensor block),PL;E-Mount,s35_4k_17x9,4K 17:9 (Super 35),24.3,12.8,4096,2160,https://pro.sony/ue_US/products/digital-cinema-cameras/venice2,"maker imager-mode table, 6K block"
canon_c70,Canon,EOS C70,RF,s35_dci_4k,Super 35 DCI 4K / 2K,26.2,13.8,4096,2160,https://www.canon-europe.com/video-cameras/eos-c70/specifications/,maker-stated effective screen size; magnification x1.460
canon_c70,Canon,EOS C70,RF,s35_uhd,Super 35 UHD / HD,24.6,13.8,3840,2160,https://www.canon-europe.com/video-cameras/eos-c70/specifications/,maker-stated; magnification x1.534
canon_c70,Canon,EOS C70,RF,s16_2k,Super 16 crop 2K,13.11,6.91,2048,1080,https://www.canon-europe.com/video-cameras/eos-c70/specifications/,"computed: 36x24 diagonal (43.27 mm) / stated lens magnification factor 2.920, aspect 17:9"
canon_c300_mkiii,Canon,EOS C300 Mark III,EF,s35_dci_4k,Super 35 DCI 4K / 2K,26.2,13.8,4096,2160,https://www.canon-europe.com/video-cameras/eos-c300-mark-iii/specifications/,maker-stated effective screen size; x1.460; EF mount user-swappable to PL
canon_c300_mkiii,Canon,EOS C300 Mark III,EF,s35_uhd,Super 35 UHD / HD,24.6,13.8,3840,2160,https://www.canon-europe.com/video-cameras/eos-c300-mark-iii/specifications/,maker-stated; x1.534
canon_c300_mkiii,Canon,EOS C300 Mark III,EF,s16_2k,Super 16 crop 2K,13.11,6.91,2048,1080,https://www.canon-europe.com/video-cameras/eos-c300-mark-iii/specifications/,"computed: 36x24 diagonal (43.27 mm) / stated lens magnification factor 2.920, aspect 17:9"
canon_c500_mkii,Canon,EOS C500 Mark II,EF,ff_5_9k,Full frame 5.9K / DCI 4K,38.1,20.1,5952,3140,https://www.canon-europe.com/video-cameras/eos-c500-mark-ii/specifications/,maker-stated effective screen size (43.1 mm diag); EF mount user-swappable to PL
canon_c500_mkii,Canon,EOS C500 Mark II,EF,ff_uhd,Full frame UHD / HD,35.7,20.1,3840,2160,https://www.canon-europe.com/video-cameras/eos-c500-mark-ii/specifications/,maker-stated
canon_c500_mkii,Canon,EOS C500 Mark II,EF,s35_dci_4k,Super 35 crop DCI 4K,26.21,13.82,4096,2160,https://www.canon-europe.com/video-cameras/eos-c500-mark-ii/specifications/,"computed: 36x24 diagonal (43.27 mm) / stated lens magnification factor 1.460, aspect 17:9"
canon_c500_mkii,Canon,EOS C500 Mark II,EF,s35_uhd,Super 35 crop UHD,24.58,13.83,3840,2160,https://www.canon-europe.com/video-cameras/eos-c500-mark-ii/specifications/,"computed: 36x24 diagonal (43.27 mm) / stated lens magnification factor 1.534, aspect 16:9"
canon_c500_mkii,Canon,EOS C500 Mark II,EF,s16_dci,Super 16 crop,13.11,6.91,2048,1080,https://www.canon-europe.com/video-cameras/eos-c500-mark-ii/specifications/,"computed: 36x24 diagonal (43.27 mm) / stated lens magnification factor 2.920, aspect 17:9"
canon_c400,Canon,EOS C400,RF,ff_6k,Full frame 6K / DCI 4K,36,19,6000,3164,https://www.canon-europe.com/cameras/eos-c400/specifications/,maker-stated effective screen size (40.7 mm diag); effective 6008x3170
canon_c400,Canon,EOS C400,RF,ff_uhd,Full frame UHD / HD,33.8,19,3840,2160,https://www.canon-europe.com/cameras/eos-c400/specifications/,maker-stated (38.7 mm diag)
canon_c400,Canon,EOS C400,RF,s35_4_3k,Super 35 crop 4.3K RAW / DCI 4K,26.21,13.83,4368,2304,https://www.canon-europe.com/cameras/eos-c400/specifications/,"computed: 36x24 diagonal (43.27 mm) / stated lens magnification factor 1.46, aspect 4368:2304; cross-check 4368 px x 36.0/6008 = 26.17 mm"
canon_c400,Canon,EOS C400,RF,s35_uhd,Super 35 crop UHD,24.49,13.77,3840,2160,https://www.canon-europe.com/cameras/eos-c400/specifications/,"computed: 36x24 diagonal (43.27 mm) / stated lens magnification factor 1.54, aspect 16:9"
canon_c400,Canon,EOS C400,RF,s16_2k,Super 16 crop 2K,13.11,6.91,2048,1080,https://www.canon-europe.com/cameras/eos-c400/specifications/,"computed: 36x24 diagonal (43.27 mm) / stated lens magnification factor 2.92, aspect 17:9"
canon_c80,Canon,EOS C80,RF,ff_6k,Full frame 6K / DCI 4K,36,19,6000,3164,https://www.canon-europe.com/video-cameras/eos-c80/specifications/,maker-stated effective screen size (40.7 mm diag); effective 6008x3170
canon_c80,Canon,EOS C80,RF,ff_uhd,Full frame UHD / HD,33.8,19,3840,2160,https://www.canon-europe.com/video-cameras/eos-c80/specifications/,maker-stated (38.7 mm diag)
canon_c80,Canon,EOS C80,RF,s35_4_3k,Super 35 crop 4.3K RAW / DCI 4K,26.21,13.83,4368,2304,https://www.canon-europe.com/video-cameras/eos-c80/specifications/,"computed: 36x24 diagonal (43.27 mm) / stated lens magnification factor 1.46, aspect 4368:2304; cross-check 4368 px x 36.0/6008 = 26.17 mm"
canon_c80,Canon,EOS C80,RF,s35_uhd,Super 35 crop UHD,24.49,13.77,3840,2160,https://www.canon-europe.com/video-cameras/eos-c80/specifications/,"computed: 36x24 diagonal (43.27 mm) / stated lens magnification factor 1.54, aspect 16:9"
canon_r5_c,Canon,EOS R5 C,RF,ff_8k_dci,Full frame 8K DCI,36,19,8192,4320,https://www.canon-europe.com/cameras/eos-r5c/specifications/,maker-stated effective screen size; sensor 36x24
canon_r5_c,Canon,EOS R5 C,RF,ff_8k_uhd,Full frame 8K UHD / 4K UHD,33.8,19,7680,4320,https://www.canon-europe.com/cameras/eos-r5c/specifications/,maker-stated
canon_r5_c,Canon,EOS R5 C,RF,s35_5_9k,Super 35 crop 5.9K RAW / DCI 4K,26.21,13.83,5952,3140,https://www.canon-europe.com/cameras/eos-r5c/specifications/,"computed: 36x24 diagonal (43.27 mm) / stated lens magnification factor 1.460, aspect 5952:3140"
canon_r5_c,Canon,EOS R5 C,RF,s35_uhd,Super 35 crop UHD,24.58,13.83,3840,2160,https://www.canon-europe.com/cameras/eos-r5c/specifications/,"computed: 36x24 diagonal (43.27 mm) / stated lens magnification factor 1.534, aspect 16:9"
canon_r5_c,Canon,EOS R5 C,RF,s16_3k,Super 16 crop 2.9K / 2K,13.11,6.91,2976,1570,https://www.canon-europe.com/cameras/eos-r5c/specifications/,"computed: 36x24 diagonal (43.27 mm) / stated lens magnification factor 2.920, aspect 2976:1570"
panasonic_gh6,Panasonic,LUMIX GH6,MFT,open_gate_5_8k,5.8K 4:3 open gate,17.25,12.95,5760,4320,https://help.na.panasonic.com/?p=415254,computed: pixel ratio vs 5776x4336 effective = 17.3x13.0 mm (1:1 readout); sensor 17.3x13.0 mm per Panasonic GH6 spec
panasonic_gh6,Panasonic,LUMIX GH6,MFT,5_7k_17x9,5.7K 17:9,17.16,9.07,5728,3024,https://help.na.panasonic.com/?p=415254,computed: pixel ratio vs 5776x4336 effective = 17.3x13.0 mm (1:1 readout)
panasonic_gh6,Panasonic,LUMIX GH6,MFT,c4k_full,C4K (Image Area FULL),17.16,9.07,4096,2160,https://help.na.panasonic.com/?p=415254,DOUBT computed: assumes FULL area = 5.7K 17:9 full-width readout downscaled (Panasonic: FULL records range matching MFT image circle)
panasonic_gh6,Panasonic,LUMIX GH6,MFT,c4k_pixel,C4K (Image Area PIXEL/PIXEL),12.27,6.48,4096,2160,https://eww.pavc.panasonic.co.jp/dscoi/DC-GH6/html/DC-GH6_DVQP2441_eng/0037.html,Panasonic: one sensor pixel = one video pixel. computed: pixel ratio vs 5776x4336 effective = 17.3x13.0 mm (1:1 readout)
panasonic_gh6,Panasonic,LUMIX GH6,MFT,anamorphic_4_4k,4.4K 4:3 (anamorphic),,,4352,3264,https://help.na.panasonic.com/?p=415254,readout area for 4.4K not stated by maker; left empty
panasonic_gh7,Panasonic,LUMIX GH7,MFT,open_gate_5_8k,5.8K 4:3 open gate,17.25,12.95,5760,4320,https://eww.pavc.panasonic.co.jp/dscoi/DC-GH7/html/DC-GH7_DVQP3109_eng/0036.html,computed: pixel ratio vs 5776x4336 effective = 17.3x13.0 mm (1:1 readout); DOUBT: GH7 pages state only 4/3-type with 5776x4336 L stills; 17.3x13.0 mm taken from Panasonic GH6 spec (same pixel array)
panasonic_gh7,Panasonic,LUMIX GH7,MFT,5_7k_17x9,5.7K 17:9,17.16,9.07,5728,3024,https://eww.pavc.panasonic.co.jp/dscoi/DC-GH7/html/DC-GH7_DVQP3109_eng/0036.html,computed: pixel ratio vs 5776x4336 effective = 17.3x13.0 mm (1:1 readout)
panasonic_gh7,Panasonic,LUMIX GH7,MFT,c4k_full,C4K (Image Area FULL),17.16,9.07,4096,2160,https://eww.pavc.panasonic.co.jp/dscoi/DC-GH7/html/DC-GH7_DVQP3109_eng/0036.html,DOUBT computed: assumes FULL area = 5.7K 17:9 full-width readout downscaled (Panasonic: FULL records range matching MFT image circle)
panasonic_gh7,Panasonic,LUMIX GH7,MFT,c4k_pixel,C4K (Image Area PIXEL/PIXEL),12.27,6.48,4096,2160,https://eww.pavc.panasonic.co.jp/dscoi/DC-GH7/html/DC-GH7_DVQP3109_eng/0039.html,Panasonic: one sensor pixel = one video pixel. computed: pixel ratio vs 5776x4336 effective = 17.3x13.0 mm (1:1 readout)
panasonic_gh7,Panasonic,LUMIX GH7,MFT,anamorphic_4_4k,4.4K 4:3 (anamorphic),,,4352,3264,https://eww.pavc.panasonic.co.jp/dscoi/DC-GH7/html/DC-GH7_DVQP3109_eng/0036.html,readout area for 4.4K not stated by maker; left empty
panasonic_bgh1,Panasonic,LUMIX BGH1,MFT,sensor_4x3,Full sensor 4:3 area,17.3,13,,,https://www.panasonic.com/content/dam/Panasonic/th/th/support/pdf/Catalog_LUMIX_BGH1-EN.pdf,"maker: Live MOS 17.3x13.0 mm, 10.28 MP; no video mode maps to this exact area"
panasonic_bgh1,Panasonic,LUMIX BGH1,MFT,c4k,C4K,,,4096,2160,https://www.panasonic.com/content/dam/Panasonic/th/th/support/pdf/Catalog_LUMIX_BGH1-EN.pdf,multi-aspect sensor; C4K area not stated by maker
panasonic_bgh1,Panasonic,LUMIX BGH1,MFT,4k,4K UHD,,,3840,2160,https://www.panasonic.com/content/dam/Panasonic/th/th/support/pdf/Catalog_LUMIX_BGH1-EN.pdf,area not stated by maker
panasonic_bgh1,Panasonic,LUMIX BGH1,MFT,anamorphic_4x3,4K-A 4:3 anamorphic,,,3328,2496,https://www.panasonic.com/content/dam/Panasonic/th/th/support/pdf/Catalog_LUMIX_BGH1-EN.pdf,area not stated by maker
panasonic_s1h,Panasonic,LUMIX S1H,L-Mount,ff_6k_3x2,6K 3:2 full frame,35.32,23.61,5952,3968,https://www.panasonic.com/au/support/product-archives/lumix-cameras-video-cameras/lumix-s-cameras/dc-s1hgn-k.specs.html,computed: pixel ratio vs 6000x4000 effective = 35.6x23.8 mm (assumes 1:1 readout)
panasonic_s1h,Panasonic,LUMIX S1H,L-Mount,ff_5_9k,5.9K 16:9 full frame,34.94,19.71,5888,3312,https://www.panasonic.com/au/support/product-archives/lumix-cameras-video-cameras/lumix-s-cameras/dc-s1hgn-k.specs.html,computed: pixel ratio vs 6000x4000 effective = 35.6x23.8 mm (assumes 1:1 readout)
panasonic_s1h,Panasonic,LUMIX S1H,L-Mount,ff_c4k,C4K full frame,,,4096,2160,https://www.panasonic.com/au/support/product-archives/lumix-cameras-video-cameras/lumix-s-cameras/dc-s1hgn-k.specs.html,readout width for FF C4K not stated; left empty
panasonic_s1h,Panasonic,LUMIX S1H,L-Mount,s35_4k,Super 35 (APS-C) 4K,23.07,12.98,3840,2160,https://www.panasonic.com/au/support/product-archives/lumix-cameras-video-cameras/lumix-s-cameras/dc-s1hgn-k.specs.html,"computed: APS-C still width 3888 px of 6000 (BS1H/S1H spec) x 35.6 mm, 16:9 height"
panasonic_s1h,Panasonic,LUMIX S1H,L-Mount,s35_anamorphic,Super 35 anamorphic 4:3,,,3328,2496,https://www.panasonic.com/au/support/product-archives/lumix-cameras-video-cameras/lumix-s-cameras/dc-s1hgn-k.specs.html,area not stated; left empty
panasonic_bs1h,Panasonic,LUMIX BS1H,L-Mount,ff_3x2,Full frame 3:2 (sensor),35.6,23.8,6000,4000,https://eww.pavc.panasonic.co.jp/dscoi/DC-BS1H/PP_E_GC_GW_GD/DC-BS1H_DVQP2566_eng/chapter15_10.htm,"maker-stated sensor size; 6000x4000 is still L size; 6K video 5952x3968 assumed same as S1H, not verified on BS1H page"
panasonic_bs1h,Panasonic,LUMIX BS1H,L-Mount,s35_apsc,Super 35 / APS-C area 3:2,23.07,15.42,3888,2592,https://eww.pavc.panasonic.co.jp/dscoi/DC-BS1H/PP_E_GC_GW_GD/DC-BS1H_DVQP2566_eng/chapter15_10.htm,computed: APS-C still size 3888x2592 vs 6000x4000
panasonic_s5iix,Panasonic,LUMIX S5IIX,L-Mount,ff_6k_3x2,6K 3:2 full frame (open gate),35.32,23.61,5952,3968,https://eww.pavc.panasonic.co.jp/dscoi/DC-S5M2X/html/DC-S5M2X_DVQP2992_eng/0036.html,computed: pixel ratio vs 6000x4000 effective = 35.6x23.8 mm (assumes 1:1 readout); sensor 35.6x23.8 per https://eww.pavc.panasonic.co.jp/dscoi/DC-S5M2X/html/DC-S5M2X_DVQP2992_eng/0164.html
panasonic_s5iix,Panasonic,LUMIX S5IIX,L-Mount,ff_6k_17x9,6K 17:9 full frame,35.32,18.66,5952,3136,https://eww.pavc.panasonic.co.jp/dscoi/DC-S5M2X/html/DC-S5M2X_DVQP2992_eng/0036.html,computed: pixel ratio vs 6000x4000 effective = 35.6x23.8 mm (assumes 1:1 readout)
panasonic_s5iix,Panasonic,LUMIX S5IIX,L-Mount,ff_5_9k,5.9K 16:9 full frame,34.94,19.71,5888,3312,https://eww.pavc.panasonic.co.jp/dscoi/DC-S5M2X/html/DC-S5M2X_DVQP2992_eng/0036.html,computed: pixel ratio vs 6000x4000 effective = 35.6x23.8 mm (assumes 1:1 readout)
panasonic_s5iix,Panasonic,LUMIX S5IIX,L-Mount,apsc_4k,APS-C / Super 35 4K,23.64,13.33,3840,2160,https://eww.pavc.panasonic.co.jp/dscoi/DC-S5M2X/html/DC-S5M2X_DVQP2992_eng/0164.html,computed: APS-C 16:9 still L 3984x2240 vs 6000x4000
nikon_z9,Nikon,Z9,Nikon Z,ff_nraw_8_3k,FX N-RAW 8.3K,35.9,20.17,8256,4644,https://chsv-origin-onlinemanual.nikonimglib.com/z9/en/17_technical_notes_08.html,computed: Nikon sensor 35.9x23.9 mm = FX 8256x5504; 8256 px = full FX width
nikon_z9,Nikon,Z9,Nikon Z,ff_8k_uhd,FX 8K UHD,35.9,20.15,7680,4320,https://chsv-origin-onlinemanual.nikonimglib.com/z9/en/17_technical_notes_08.html,computed: Nikon sensor 35.9x23.9 mm = FX 8256x5504; assumes FX 16:9 image area 8256x4640 (Nikon still 16:9 area) downsampled
nikon_z9,Nikon,Z9,Nikon Z,ff_prores_raw_4_1k,FX ProRes RAW 4.1K,35.9,20.17,4128,2322,https://chsv-origin-onlinemanual.nikonimglib.com/z9/en/17_technical_notes_08.html,"computed: Nikon sensor 35.9x23.9 mm = FX 8256x5504; 4128x2322 = half of 8256x4644, full FX width"
nikon_z9,Nikon,Z9,Nikon Z,dx_raw_5_4k,DX N-RAW/ProRes RAW 5.4K,23.45,13.17,5392,3032,https://onlinemanual.nikonimglib.com/z9/en/specifications_348.html,computed: Nikon sensor 35.9x23.9 mm = FX 8256x5504; 5392 px = Nikon DX still width; 1:1 readout
nikon_zr,Nikon,ZR,Nikon Z,ff_raw_6k,FX RAW 6K (R3D NE / N-RAW),35.9,20.17,6048,3402,https://onlinemanual.nikonimglib.com/zr/en/15-08.html,computed: Nikon sensor 35.9x23.9 mm = FX 6048x4032; full FX width
nikon_zr,Nikon,ZR,Nikon Z,ff_5_4k,FX 5.4K,35.9,20.17,5376,3024,https://onlinemanual.nikonimglib.com/zr/en/15-08.html,computed: Nikon sensor 35.9x23.9 mm = FX 6048x4032; FX-based movie format assumed full width (downsampled)
nikon_zr,Nikon,ZR,Nikon Z,ff_raw_4k,FX RAW 4K,35.9,20.17,4032,2268,https://onlinemanual.nikonimglib.com/zr/en/15-08.html,computed: Nikon sensor 35.9x23.9 mm = FX 6048x4032; FX-based movie format assumed full width
nikon_zr,Nikon,ZR,Nikon Z,dx_raw_4k_120,RAW 3984x2240 (120p),23.65,13.28,3984,2240,https://onlinemanual.nikonimglib.com/zr/en/15-08.html,computed: Nikon sensor 35.9x23.9 mm = FX 6048x4032; DOUBT: 3984 px equals DX still width so treated as DX 1:1 crop; page summary labelled it FX-based
fujifilm_xh2s,Fujifilm,X-H2S,X-Mount,open_gate_6_2k,6.2K 3:2 open gate,23.5,15.6,6240,4160,https://www.fujifilm-x.com/global/products/cameras/x-h2s/specifications/,maker: sensor 23.5x15.6 mm; still L 3:2 is also 6240x4160 (full sensor)
fujifilm_xh2s,Fujifilm,X-H2S,X-Mount,dci_4k,"DCI 4K (1.0x, DIS off)",23.5,12.39,4096,2160,https://www.fujifilm-x.com/global/products/cameras/x-h2s/specifications/,"maker: 1.0x crop with DIS off (1.1x with DIS on). computed: full width, 17:9 height"
fujifilm_xh2s,Fujifilm,X-H2S,X-Mount,uhd_4k,"4K UHD (1.0x, DIS off)",23.5,13.22,3840,2160,https://www.fujifilm-x.com/global/products/cameras/x-h2s/specifications/,"computed: full width, 16:9 height"
fujifilm_xh2s,Fujifilm,X-H2S,X-Mount,uhd_4k_120,4K 120p/100p (approx 1.29x),18.22,10.25,3840,2160,https://www.fujifilm-x.com/global/products/cameras/x-h2s/specifications/,"maker: approx 1.29x. computed: 23.5/1.29 wide, 16:9 height"
fujifilm_gfx_eterna_55,Fujifilm,GFX ETERNA 55,G-Mount,gf_open_gate,GF 4:3 open gate,43.8,32.9,3840,2880,https://www.fujifilm.com/de/en/news/Fujifilm-Launches-Filmmaking-Camera-FUJIFILM-GFX-ETERNA-55,"maker: GF format uses full 43.8x32.9 mm sensor for 4:3 open gate. DOUBT: res = 4K(4:3) 3840x2880, the only 4:3 size in the spec list"
fujifilm_gfx_eterna_55,Fujifilm,GFX ETERNA 55,G-Mount,gf_8k_dci,8K 17:9,,,8192,4320,https://www.fujifilm-x.com/global/products/cameras/gfx-eterna-55/specifications/,readout area per format not published in mm
fujifilm_gfx_eterna_55,Fujifilm,GFX ETERNA 55,G-Mount,premista,Premista format,,,,,https://www.fujifilm.com/th/en/news/hq/12705,named format; mm and pixels not published
fujifilm_gfx_eterna_55,Fujifilm,GFX ETERNA 55,G-Mount,ff_35mm,35mm format,,,,,https://www.fujifilm.com/th/en/news/hq/12705,named format; mm not published
fujifilm_gfx_eterna_55,Fujifilm,GFX ETERNA 55,G-Mount,s35,Super35 format,,,,,https://www.fujifilm.com/th/en/news/hq/12705,named format; mm not published
kinefinity_mavo_edge_6k,Kinefinity,MAVO Edge 6K,KineMOUNT,ff_6k_og,FF 6K open gate 3:2,36,24,6016,3984,https://kinefinity.com/products/mavo-edge-6k/specs,maker optical-format table; adapters PL/LPL/EF/E
kinefinity_mavo_edge_6k,Kinefinity,MAVO Edge 6K,KineMOUNT,ff_6k_17x9,FF 6K 17:9,36,19.1,6016,3172,https://kinefinity.com/products/mavo-edge-6k/specs,maker optical-format table; adapters PL/LPL/EF/E
kinefinity_mavo_edge_6k,Kinefinity,MAVO Edge 6K,KineMOUNT,ff_6k_2_4,FF 6K 2.4:1,36,15.2,6016,2520,https://kinefinity.com/products/mavo-edge-6k/specs,maker optical-format table; adapters PL/LPL/EF/E
kinefinity_mavo_edge_6k,Kinefinity,MAVO Edge 6K,KineMOUNT,ff_4_6k_6x5,FF 4.6K 6:5 (anamorphic),27.6,22.3,4608,3700,https://kinefinity.com/products/mavo-edge-6k/specs,maker optical-format table; adapters PL/LPL/EF/E
kinefinity_mavo_edge_6k,Kinefinity,MAVO Edge 6K,KineMOUNT,s35_4k_3x2,S35 4K 3:2,24.5,16.1,4096,2700,https://kinefinity.com/products/mavo-edge-6k/specs,maker optical-format table; adapters PL/LPL/EF/E
kinefinity_mavo_edge_6k,Kinefinity,MAVO Edge 6K,KineMOUNT,s35_4k_dci,S35 4K DCI,24.5,12.9,4096,2160,https://kinefinity.com/products/mavo-edge-6k/specs,maker optical-format table; adapters PL/LPL/EF/E
kinefinity_mavo_edge_8k,Kinefinity,MAVO Edge 8K,KineMOUNT,ff_8k_og,FF 8K open gate 3:2,36,23.3,8192,5288,https://kinefinity.com/products/mavo-edge-8k/specs,maker optical-format table; adapters PL/LPL/EF/E
kinefinity_mavo_edge_8k,Kinefinity,MAVO Edge 8K,KineMOUNT,ff_8k_dci,FF 8K DCI,36,19,8192,4320,https://kinefinity.com/products/mavo-edge-8k/specs,maker optical-format table; adapters PL/LPL/EF/E
kinefinity_mavo_edge_8k,Kinefinity,MAVO Edge 8K,KineMOUNT,ff_8k_2_4,FF 8K 2.4:1,36,14.9,8192,3384,https://kinefinity.com/products/mavo-edge-8k/specs,maker optical-format table; adapters PL/LPL/EF/E
kinefinity_mavo_edge_8k,Kinefinity,MAVO Edge 8K,KineMOUNT,ff_5_7k_6x5,FF 5.7K 6:5 (anamorphic),25.3,21,5760,4760,https://kinefinity.com/products/mavo-edge-8k/specs,maker optical-format table; adapters PL/LPL/EF/E
kinefinity_mavo_edge_8k,Kinefinity,MAVO Edge 8K,KineMOUNT,s35_6k_3x2,S35 6K 3:2,27,16.8,6144,3840,https://kinefinity.com/products/mavo-edge-8k/specs,maker optical-format table; adapters PL/LPL/EF/E
kinefinity_mavo_edge_8k,Kinefinity,MAVO Edge 8K,KineMOUNT,s35_6k_dci,S35 6K DCI,27,14.2,6144,3240,https://kinefinity.com/products/mavo-edge-8k/specs,maker optical-format table; adapters PL/LPL/EF/E
dji_ronin_4d_x9_6k,DJI,Ronin 4D Zenmuse X9-6K,DL-Mount,ff_6k_17x9,Full frame 6K 17:9,,,5952,3136,https://dl.djicdn.com/downloads/DJI_Ronin_4D/20241226/Ronin_4D_Release_Notes_en.pdf,"DJI: 35mm full-frame CMOS, 24.1 MP effective; mm area not published on reachable DJI pages"
dji_ronin_4d_x9_6k,DJI,Ronin 4D Zenmuse X9-6K,DL-Mount,c4k,C4K,,,4096,2160,https://www.dji.com/uk/ronin-4d/specs,area (FF vs S35) not stated
dji_ronin_4d_x9_8k,DJI,Ronin 4D Zenmuse X9-8K,DL-Mount,ff_8k,Full frame 8K,,,,,https://www.dji.com/uk/ronin-4d/specs,DJI: 35mm full-frame CMOS; effective pixels listed as 44.7 MP (store/FAQ) but 35.4 MP (support page) - conflicting; 8K pixel size not found
dji_ronin_4d_x9_8k,DJI,Ronin 4D Zenmuse X9-8K,DL-Mount,ff_c4k,Full frame C4K (up to 120p),,,4096,2160,https://dl.djicdn.com/downloads/DJI_Ronin_4D/20241226/Ronin_4D_Release_Notes_en.pdf,release notes: 4K up to 120fps full frame; mm not published
