lens_id,focal_mm,model,t1,t2,t3,calib_crop,calib_aspect,real_focal_mm,lensfun_model,source
canon_ef_100_f28l_macro_is,100,ptlens,0.00406,-0.01754,0.02944,1,1.5,,Canon EF 100mm f/2.8L Macro IS USM,lensfun slr-canon.xml
canon_ef_16_35_f28l_iii,16,ptlens,0.0104208,-0.0275753,-0.00353756,1,1.5,,Canon EF 16-35mm f/2.8L III USM,lensfun slr-canon.xml
canon_ef_16_35_f28l_iii,18,ptlens,0.0117295,-0.0346684,0.0108644,1,1.5,,Canon EF 16-35mm f/2.8L III USM,lensfun slr-canon.xml
canon_ef_16_35_f28l_iii,20,ptlens,0.0114777,-0.032469,0.018199,1,1.5,,Canon EF 16-35mm f/2.8L III USM,lensfun slr-canon.xml
canon_ef_16_35_f28l_iii,22,ptlens,0.0111816,-0.0291129,0.0222697,1,1.5,,Canon EF 16-35mm f/2.8L III USM,lensfun slr-canon.xml
canon_ef_16_35_f28l_iii,35,ptlens,0,0.00728713,0,1,1.5,,Canon EF 16-35mm f/2.8L III USM,lensfun slr-canon.xml
canon_ef_16_35_f4l_is,16,ptlens,0.01401,-0.04843,0.02163,1,1.5,,Canon EF 16-35mm f/4L IS USM,lensfun slr-canon.xml
canon_ef_16_35_f4l_is,20,ptlens,0.01376,-0.04636,0.03937,1,1.5,,Canon EF 16-35mm f/4L IS USM,lensfun slr-canon.xml
canon_ef_16_35_f4l_is,24,ptlens,0.00341,-0.00465,-0.00013,1,1.5,,Canon EF 16-35mm f/4L IS USM,lensfun slr-canon.xml
canon_ef_16_35_f4l_is,28,ptlens,0.01077,-0.02955,0.03254,1,1.5,,Canon EF 16-35mm f/4L IS USM,lensfun slr-canon.xml
canon_ef_16_35_f4l_is,35,ptlens,0.0031,-0.00518,0.01054,1,1.5,,Canon EF 16-35mm f/4L IS USM,lensfun slr-canon.xml
canon_ef_17_40_f4l,17,ptlens,0.020104,-0.047886,0,1,1.5,,Canon EF 17-40mm f/4L USM,lensfun slr-canon.xml
canon_ef_17_40_f4l,19,ptlens,0.016917,-0.039854,0,1,1.5,,Canon EF 17-40mm f/4L USM,lensfun slr-canon.xml
canon_ef_17_40_f4l,20,ptlens,0.015352,-0.035125,0,1,1.5,,Canon EF 17-40mm f/4L USM,lensfun slr-canon.xml
canon_ef_17_40_f4l,22,ptlens,0.01352,-0.027379,0,1,1.5,,Canon EF 17-40mm f/4L USM,lensfun slr-canon.xml
canon_ef_17_40_f4l,24,ptlens,0.012744,-0.024334,0,1,1.5,,Canon EF 17-40mm f/4L USM,lensfun slr-canon.xml
canon_ef_17_40_f4l,26,ptlens,0.012023,-0.02158,0,1,1.5,,Canon EF 17-40mm f/4L USM,lensfun slr-canon.xml
canon_ef_17_40_f4l,28,ptlens,0.008491,-0.013858,0,1,1.5,,Canon EF 17-40mm f/4L USM,lensfun slr-canon.xml
canon_ef_17_40_f4l,32,ptlens,0.007181,-0.008983,0,1,1.5,,Canon EF 17-40mm f/4L USM,lensfun slr-canon.xml
canon_ef_17_40_f4l,35,ptlens,0.006829,-0.007622,0,1,1.5,,Canon EF 17-40mm f/4L USM,lensfun slr-canon.xml
canon_ef_17_40_f4l,37,ptlens,0.006676,-0.007544,0,1,1.5,,Canon EF 17-40mm f/4L USM,lensfun slr-canon.xml
canon_ef_17_40_f4l,40,ptlens,0.00464,-0.003826,0,1,1.5,,Canon EF 17-40mm f/4L USM,lensfun slr-canon.xml
canon_ef_24_105_f4l_is_ii,24.0,ptlens,0.017,-0.051,0.006,1,1.5,,Canon EF 24-105mm f/4L IS II USM,lensfun slr-canon.xml
canon_ef_24_105_f4l_is_ii,31.0,ptlens,0.00389,-0.00768,0.00166,1,1.5,,Canon EF 24-105mm f/4L IS II USM,lensfun slr-canon.xml
canon_ef_24_105_f4l_is_ii,35.0,ptlens,0.0048,-0.00636,0.00648,1,1.5,,Canon EF 24-105mm f/4L IS II USM,lensfun slr-canon.xml
canon_ef_24_105_f4l_is_ii,45.0,ptlens,0.00013,0.0092,0.00362,1,1.5,,Canon EF 24-105mm f/4L IS II USM,lensfun slr-canon.xml
canon_ef_24_105_f4l_is_ii,50.0,ptlens,0.00072,0.00632,0.01314,1,1.5,,Canon EF 24-105mm f/4L IS II USM,lensfun slr-canon.xml
canon_ef_24_105_f4l_is_ii,62.0,ptlens,0.00554,-0.01037,0.02941,1,1.5,,Canon EF 24-105mm f/4L IS II USM,lensfun slr-canon.xml
canon_ef_24_105_f4l_is_ii,70.0,ptlens,0.00423,-0.00573,0.02259,1,1.5,,Canon EF 24-105mm f/4L IS II USM,lensfun slr-canon.xml
canon_ef_24_105_f4l_is_ii,80.0,ptlens,0.00169,-0.00118,0.02541,1,1.5,,Canon EF 24-105mm f/4L IS II USM,lensfun slr-canon.xml
canon_ef_24_105_f4l_is_ii,85.0,ptlens,0.00427,-0.00669,0.02284,1,1.5,,Canon EF 24-105mm f/4L IS II USM,lensfun slr-canon.xml
canon_ef_24_105_f4l_is_ii,97.0,ptlens,-0.00588,0.03155,-0.0227,1,1.5,,Canon EF 24-105mm f/4L IS II USM,lensfun slr-canon.xml
canon_ef_24_105_f4l_is_ii,105.0,ptlens,-0.0051,0.02901,-0.02075,1,1.5,,Canon EF 24-105mm f/4L IS II USM,lensfun slr-canon.xml
canon_ef_24_70_f28l_ii,24,ptlens,0.02964,-0.07853,0.02943,1,1.5,,Canon EF 24-70mm f/2.8L II USM,lensfun slr-canon.xml
canon_ef_24_70_f28l_ii,28,ptlens,0.02151,-0.05678,0.02905,1,1.5,,Canon EF 24-70mm f/2.8L II USM,lensfun slr-canon.xml
canon_ef_24_70_f28l_ii,35,ptlens,0.01668,-0.04154,0.0279,1,1.5,,Canon EF 24-70mm f/2.8L II USM,lensfun slr-canon.xml
canon_ef_24_70_f28l_ii,50,ptlens,-0.00223,0.01856,-0.0182,1,1.5,,Canon EF 24-70mm f/2.8L II USM,lensfun slr-canon.xml
canon_ef_24_70_f28l_ii,70,ptlens,0.00907,-0.02015,0.02311,1,1.5,,Canon EF 24-70mm f/2.8L II USM,lensfun slr-canon.xml
canon_ef_35_f14l_ii,35,ptlens,-0.00078,0.00402,-0.0076,1.605,1.5,,EF35mm f/1.4L II USM (750),lensfun slr-canon.xml
canon_ef_50_f12l,50,ptlens,0.00476,-0.01688,0.00748,1,1.5,,Canon EF 50mm f/1.2L USM,lensfun slr-canon.xml
canon_ef_85_f14l_is,85,ptlens,0.00984,-0.0325,0.0316,1,1.5,,Canon EF 85mm f/1.4L IS USM,lensfun slr-canon.xml
canon_efs_17_55_f28_is,17,ptlens,0.0160544,-0.0422842,0.00805163,1.622,1.5,,Canon EF-S 17-55mm f/2.8 IS USM,lensfun slr-canon.xml
canon_efs_17_55_f28_is,20,ptlens,0.0145107,-0.0318653,0.012966,1.622,1.5,,Canon EF-S 17-55mm f/2.8 IS USM,lensfun slr-canon.xml
canon_efs_17_55_f28_is,23,ptlens,0.0132784,-0.0244953,0.0194828,1.622,1.5,,Canon EF-S 17-55mm f/2.8 IS USM,lensfun slr-canon.xml
canon_efs_17_55_f28_is,28,ptlens,0.00120309,0.00979416,-0.00868762,1.622,1.5,,Canon EF-S 17-55mm f/2.8 IS USM,lensfun slr-canon.xml
canon_efs_17_55_f28_is,35,ptlens,-0.000341579,0.0108822,-0.00545481,1.622,1.5,,Canon EF-S 17-55mm f/2.8 IS USM,lensfun slr-canon.xml
canon_efs_17_55_f28_is,55,ptlens,0.00182321,0.00378863,0.00103256,1.622,1.5,,Canon EF-S 17-55mm f/2.8 IS USM,lensfun slr-canon.xml
olympus_12_100_f4_pro,12,ptlens,0.0323897,-0.100541,0.000859223,2,1.333,,Olympus M.Zuiko Digital ED 12-100mm f/4.0 IS Pro,lensfun mil-olympus.xml
olympus_12_100_f4_pro,18,ptlens,-0.00141768,7.0342e-05,-0.0216594,2,1.333,,Olympus M.Zuiko Digital ED 12-100mm f/4.0 IS Pro,lensfun mil-olympus.xml
olympus_12_100_f4_pro,25,ptlens,0.000890771,0.00182523,0.00488526,2,1.333,,Olympus M.Zuiko Digital ED 12-100mm f/4.0 IS Pro,lensfun mil-olympus.xml
olympus_12_100_f4_pro,35,ptlens,0.00183026,0.00366234,0.00935916,2,1.333,,Olympus M.Zuiko Digital ED 12-100mm f/4.0 IS Pro,lensfun mil-olympus.xml
olympus_12_100_f4_pro,50,ptlens,-0.011392,0.0421761,-0.0165554,2,1.333,,Olympus M.Zuiko Digital ED 12-100mm f/4.0 IS Pro,lensfun mil-olympus.xml
olympus_12_100_f4_pro,70,ptlens,0.00195818,0.00393385,0.0100592,2,1.333,,Olympus M.Zuiko Digital ED 12-100mm f/4.0 IS Pro,lensfun mil-olympus.xml
olympus_12_100_f4_pro,75,ptlens,0.005004,-0.0074587,0.0317955,2,1.333,,Olympus M.Zuiko Digital ED 12-100mm f/4.0 IS Pro,lensfun mil-olympus.xml
olympus_12_100_f4_pro,100,ptlens,0.00228021,0.00451936,0.0111219,2,1.333,,Olympus M.Zuiko Digital ED 12-100mm f/4.0 IS Pro,lensfun mil-olympus.xml
olympus_17_f12_pro,17,ptlens,0.0054178713,-0.034807644,0.019240983,2,1.5,,Olympus M.Zuiko Digital ED 17mm f/1.2 Pro,lensfun mil-olympus.xml
olympus_25_f12_pro,25,ptlens,0.015673,-0.0386578,0.0234568,2,1.5,,Olympus M.Zuiko Digital ED 25mm f/1.2 Pro,lensfun mil-olympus.xml
olympus_45_f12_pro,45,ptlens,-0.0118424,0.05143,-0.0689146,2,1.5,,Olympus M.Zuiko Digital ED 45mm f/1.2 Pro,lensfun mil-olympus.xml
olympus_7_14_f28_pro,7,ptlens,0.04439,-0.17864,0.13663,2,1.333,,Olympus M.Zuiko Digital ED 7-14mm f/2.8 Pro,lensfun mil-olympus.xml
olympus_7_14_f28_pro,8,ptlens,0.03553,-0.15302,0.13031,2,1.333,,Olympus M.Zuiko Digital ED 7-14mm f/2.8 Pro,lensfun mil-olympus.xml
olympus_7_14_f28_pro,9,ptlens,0.0244,-0.11622,0.10732,2,1.333,,Olympus M.Zuiko Digital ED 7-14mm f/2.8 Pro,lensfun mil-olympus.xml
olympus_7_14_f28_pro,10,ptlens,0.00877,-0.06446,0.0724,2,1.333,,Olympus M.Zuiko Digital ED 7-14mm f/2.8 Pro,lensfun mil-olympus.xml
olympus_7_14_f28_pro,12,ptlens,-0.0012,-0.02183,0.03886,2,1.333,,Olympus M.Zuiko Digital ED 7-14mm f/2.8 Pro,lensfun mil-olympus.xml
olympus_7_14_f28_pro,14,ptlens,-0.00708,0.00634,0.01377,2,1.333,,Olympus M.Zuiko Digital ED 7-14mm f/2.8 Pro,lensfun mil-olympus.xml
olympus_8_25_f4_pro,8.0,ptlens,0.0162715,-0.0819064,0.0380073,2,1.333,,OLYMPUS M.8-25mm F4.0,lensfun mil-olympus.xml
olympus_8_25_f4_pro,10.0,ptlens,0.00182377,-0.0331143,0.00893531,2,1.333,,OLYMPUS M.8-25mm F4.0,lensfun mil-olympus.xml
olympus_8_25_f4_pro,14.0,ptlens,-0.00196603,-0.00929059,0.00696872,2,1.333,,OLYMPUS M.8-25mm F4.0,lensfun mil-olympus.xml
olympus_8_25_f4_pro,18.0,ptlens,-0.012037,0.0403982,-0.0438142,2,1.333,,OLYMPUS M.8-25mm F4.0,lensfun mil-olympus.xml
olympus_8_25_f4_pro,25.0,ptlens,-0.0175356,0.0682647,-0.0638662,2,1.333,,OLYMPUS M.8-25mm F4.0,lensfun mil-olympus.xml
panasonic_leica_15_f17,15.0,ptlens,0.0155789,-0.065273,0.0103711,2,1.333,,Leica DG Summilux 15mm f/1.7 Asph.,lensfun mil-panasonic.xml
panasonic_leica_25_f14,25,ptlens,-0.00305,-0.01088,-0.00658,2,1.333,,Leica DG Summilux 25mm f/1.4 Asph.,lensfun mil-panasonic.xml
panasonic_lumix_12_35_f28_ii,12,ptlens,0.03626,-0.10638,0.01966,2,1.333,,Lumix G X Vario 12-35mm f/2.8 II Asph. Power OIS,lensfun mil-panasonic.xml
panasonic_lumix_12_35_f28_ii,14,ptlens,0.02827,-0.0854,0.03073,2,1.333,,Lumix G X Vario 12-35mm f/2.8 II Asph. Power OIS,lensfun mil-panasonic.xml
panasonic_lumix_12_35_f28_ii,16,ptlens,0.01689,-0.05145,0.01488,2,1.333,,Lumix G X Vario 12-35mm f/2.8 II Asph. Power OIS,lensfun mil-panasonic.xml
panasonic_lumix_12_35_f28_ii,18,ptlens,0.01148,-0.02851,-0.00308,2,1.333,,Lumix G X Vario 12-35mm f/2.8 II Asph. Power OIS,lensfun mil-panasonic.xml
panasonic_lumix_12_35_f28_ii,20,ptlens,0.01696,-0.04944,0.03292,2,1.333,,Lumix G X Vario 12-35mm f/2.8 II Asph. Power OIS,lensfun mil-panasonic.xml
panasonic_lumix_12_35_f28_ii,22,ptlens,0.00991,-0.02582,0.01252,2,1.333,,Lumix G X Vario 12-35mm f/2.8 II Asph. Power OIS,lensfun mil-panasonic.xml
panasonic_lumix_12_35_f28_ii,25,ptlens,0.00656,-0.01302,0.00572,2,1.333,,Lumix G X Vario 12-35mm f/2.8 II Asph. Power OIS,lensfun mil-panasonic.xml
panasonic_lumix_12_35_f28_ii,28,ptlens,0.00728,-0.01959,0.02348,2,1.333,,Lumix G X Vario 12-35mm f/2.8 II Asph. Power OIS,lensfun mil-panasonic.xml
panasonic_lumix_12_35_f28_ii,30,ptlens,0.00348,-0.0034,0.00414,2,1.333,,Lumix G X Vario 12-35mm f/2.8 II Asph. Power OIS,lensfun mil-panasonic.xml
panasonic_lumix_12_35_f28_ii,32,ptlens,0.00427,-0.00676,0.01112,2,1.333,,Lumix G X Vario 12-35mm f/2.8 II Asph. Power OIS,lensfun mil-panasonic.xml
panasonic_lumix_12_35_f28_ii,35,ptlens,0.00938,-0.02043,0.02524,2,1.333,,Lumix G X Vario 12-35mm f/2.8 II Asph. Power OIS,lensfun mil-panasonic.xml
sigma_art_105_f14,105,ptlens,0.0014406142874951258,-0.00614583454138938,0.0127487278055209,1,1.5,,105mm F1.4 DG HSM | Art 018,lensfun mil-sigma.xml
sigma_art_18_35_f18,18,ptlens,0.01397,-0.03966,0.01675,1.523,1.5,,Sigma 18-35mm f/1.8 DC HSM [A],lensfun slr-sigma.xml
sigma_art_18_35_f18,20,ptlens,0.00937,-0.02454,0.0113,1.523,1.5,,Sigma 18-35mm f/1.8 DC HSM [A],lensfun slr-sigma.xml
sigma_art_18_35_f18,25,ptlens,0.00428,-0.00372,-0.0014,1.523,1.5,,Sigma 18-35mm f/1.8 DC HSM [A],lensfun slr-sigma.xml
sigma_art_18_35_f18,28,ptlens,0,0.0075,0,1.523,1.5,,Sigma 18-35mm f/1.8 DC HSM [A],lensfun slr-sigma.xml
sigma_art_18_35_f18,35,ptlens,0.00261,0.00264,-0.0006,1.523,1.5,,Sigma 18-35mm f/1.8 DC HSM [A],lensfun slr-sigma.xml
sigma_art_20_f14,20,ptlens,0.007,-0.03037,0.03089,1,1.5,,Sigma 20mm f/1.4 DG HSM | Art 015,lensfun slr-sigma.xml
sigma_art_24_105_f4,24,ptlens,0.03625,-0.10075,0.0477,1.005,1.5,,Sigma 24-105mm f/4.0 DG OS HSM [A],lensfun slr-sigma.xml
sigma_art_24_105_f4,35,ptlens,0.01363,-0.02727,0.02717,1.005,1.5,,Sigma 24-105mm f/4.0 DG OS HSM [A],lensfun slr-sigma.xml
sigma_art_24_105_f4,51,ptlens,0.01362,-0.02646,0.03176,1.005,1.5,,Sigma 24-105mm f/4.0 DG OS HSM [A],lensfun slr-sigma.xml
sigma_art_24_105_f4,74,ptlens,0.00566,-0.00631,0.02062,1.005,1.5,,Sigma 24-105mm f/4.0 DG OS HSM [A],lensfun slr-sigma.xml
sigma_art_24_105_f4,105,ptlens,-0.00092,0.01302,0.00266,1.005,1.5,,Sigma 24-105mm f/4.0 DG OS HSM [A],lensfun slr-sigma.xml
sigma_art_24_70_f28_dgdn,24,ptlens,0.0404125,-0.1209515,0.0644292,1,1.5,,24-70mm F2.8 DG DN | Art 019,lensfun mil-sigma.xml
sigma_art_24_70_f28_dgdn,25,ptlens,0.0403228,-0.1182433,0.0617783,1,1.5,,24-70mm F2.8 DG DN | Art 019,lensfun mil-sigma.xml
sigma_art_24_70_f28_dgdn,35,ptlens,0.0147573,-0.0365721,0.0191533,1,1.5,,24-70mm F2.8 DG DN | Art 019,lensfun mil-sigma.xml
sigma_art_24_70_f28_dgdn,50,ptlens,0.0045391,-0.0036531,0.0029056,1,1.5,,24-70mm F2.8 DG DN | Art 019,lensfun mil-sigma.xml
sigma_art_24_70_f28_dgdn,68,ptlens,0.0021856,0.0032284,0.0010074,1,1.5,,24-70mm F2.8 DG DN | Art 019,lensfun mil-sigma.xml
sigma_art_24_70_f28_dgdn,70,ptlens,0.0019947,0.0035263,0.0005016,1,1.5,,24-70mm F2.8 DG DN | Art 019,lensfun mil-sigma.xml
sigma_art_24_70_f28_dgdn_ii,24,ptlens,0.0259546,-0.0660457,0.0072085,1,1.5,,24-70mm F2.8 DG DN II | Art 024,lensfun mil-sigma.xml
sigma_art_24_70_f28_dgdn_ii,26,ptlens,0.0200757,-0.0474195,0.0023985,1,1.5,,24-70mm F2.8 DG DN II | Art 024,lensfun mil-sigma.xml
sigma_art_24_70_f28_dgdn_ii,28,ptlens,0.0152981,-0.0305125,-0.005953,1,1.5,,24-70mm F2.8 DG DN II | Art 024,lensfun mil-sigma.xml
sigma_art_24_70_f28_dgdn_ii,35,ptlens,0.0163281,-0.054251,0.0720896,1,1.5,,24-70mm F2.8 DG DN II | Art 024,lensfun mil-sigma.xml
sigma_art_24_70_f28_dgdn_ii,42,ptlens,0.0013053,0.0130106,-0.0134662,1,1.5,,24-70mm F2.8 DG DN II | Art 024,lensfun mil-sigma.xml
sigma_art_24_70_f28_dgdn_ii,50,ptlens,0.003111,0.0007578,0.0144751,1,1.5,,24-70mm F2.8 DG DN II | Art 024,lensfun mil-sigma.xml
sigma_art_24_70_f28_dgdn_ii,70,ptlens,-0.0098212,0.0402125,-0.0246549,1,1.5,,24-70mm F2.8 DG DN II | Art 024,lensfun mil-sigma.xml
sigma_art_24_70_f28_os,24,ptlens,0.0242559,-0.0662983,0.0245867,1,1.5,,Sigma 24-70mm F2.8 DG OS HSM | Art 017,lensfun slr-sigma.xml
sigma_art_24_70_f28_os,27,ptlens,0.0201362,-0.0545548,0.0247158,1,1.5,,Sigma 24-70mm F2.8 DG OS HSM | Art 017,lensfun slr-sigma.xml
sigma_art_24_70_f28_os,28,ptlens,0.0153596,-0.0381425,0.0111283,1,1.5,,Sigma 24-70mm F2.8 DG OS HSM | Art 017,lensfun slr-sigma.xml
sigma_art_24_70_f28_os,35,ptlens,0.0071352,-0.010377,-0.0038095,1,1.5,,Sigma 24-70mm F2.8 DG OS HSM | Art 017,lensfun slr-sigma.xml
sigma_art_24_70_f28_os,44,ptlens,0.0062708,-0.0101241,0.0063449,1,1.5,,Sigma 24-70mm F2.8 DG OS HSM | Art 017,lensfun slr-sigma.xml
sigma_art_24_70_f28_os,53,ptlens,0.0015572,0.0049598,-0.0040844,1,1.5,,Sigma 24-70mm F2.8 DG OS HSM | Art 017,lensfun slr-sigma.xml
sigma_art_24_70_f28_os,58,ptlens,0.0153281,-0.0412909,0.0476226,1,1.5,,Sigma 24-70mm F2.8 DG OS HSM | Art 017,lensfun slr-sigma.xml
sigma_art_24_70_f28_os,70,ptlens,0.0013453,0.0066491,-0.0011936,1,1.5,,Sigma 24-70mm F2.8 DG OS HSM | Art 017,lensfun slr-sigma.xml
sigma_art_24_f14,24,poly3,-0.000508073,0,0,1,1.5,,Sigma 24mm f/1.4 DG HSM | [A] Art 015,lensfun slr-sigma.xml
sigma_art_28_f14,28,ptlens,0.0047621,-0.0229217,0.0233745,1,1.5,,Sigma 28mm F1.4 DG HSM | A,lensfun mil-sigma.xml
sigma_art_35_f14,35,poly3,-0.00111476,0,0,1,1.5,,Sigma 35mm f/1.4 DG HSM | A,lensfun slr-sigma.xml
sigma_art_50_100_f18,50,poly3,-0.00448,0,0,1.534,1.5,,Sigma 50-100mm f/1.8 DC HSM Art,lensfun slr-sigma.xml
sigma_art_50_100_f18,52,poly3,-0.00349,0,0,1.534,1.5,,Sigma 50-100mm f/1.8 DC HSM Art,lensfun slr-sigma.xml
sigma_art_50_100_f18,60,poly3,-0.0008,0,0,1.534,1.5,,Sigma 50-100mm f/1.8 DC HSM Art,lensfun slr-sigma.xml
sigma_art_50_100_f18,70,poly3,0.00243,0,0,1.534,1.5,,Sigma 50-100mm f/1.8 DC HSM Art,lensfun slr-sigma.xml
sigma_art_50_100_f18,85,poly3,0.00539,0,0,1.534,1.5,,Sigma 50-100mm f/1.8 DC HSM Art,lensfun slr-sigma.xml
sigma_art_50_100_f18,100,poly3,0.00679,0,0,1.534,1.5,,Sigma 50-100mm f/1.8 DC HSM Art,lensfun slr-sigma.xml
sigma_art_50_f14,50,poly3,0,0,0,1.005,1.5,,Sigma 50mm f/1.4 DG HSM [A],lensfun slr-sigma.xml
sigma_c_16_28_f28_dgdn,16,ptlens,0.0178440,-0.0567002,0.0100099,1,1.5,,16-28mm F2.8 DG DN | Contemporary 022,lensfun mil-sigma.xml
sigma_c_16_28_f28_dgdn,18,ptlens,0.0155075,-0.0359606,0.0028970,1,1.5,,16-28mm F2.8 DG DN | Contemporary 022,lensfun mil-sigma.xml
sigma_c_16_28_f28_dgdn,20,ptlens,0.0115102,-0.0123447,-0.0074466,1,1.5,,16-28mm F2.8 DG DN | Contemporary 022,lensfun mil-sigma.xml
sigma_c_16_28_f28_dgdn,22,ptlens,0.0104768,-0.0031034,-0.0104740,1,1.5,,16-28mm F2.8 DG DN | Contemporary 022,lensfun mil-sigma.xml
sigma_c_16_28_f28_dgdn,24,ptlens,0.0090294,0.0019607,-0.0094744,1,1.5,,16-28mm F2.8 DG DN | Contemporary 022,lensfun mil-sigma.xml
sigma_c_16_28_f28_dgdn,25,ptlens,0.0075718,0.0030619,-0.0080573,1,1.5,,16-28mm F2.8 DG DN | Contemporary 022,lensfun mil-sigma.xml
sigma_c_16_28_f28_dgdn,28,ptlens,0.0075484,-0.0005776,-0.0016986,1,1.5,,16-28mm F2.8 DG DN | Contemporary 022,lensfun mil-sigma.xml
sigma_c_18_50_f28_dcdn,18,ptlens,0.02179,-0.06976,0.00503,1.534,1.5,,Sigma 18-50mm F2.8 DC DN | Contemporary 021,lensfun mil-sigma.xml
sigma_c_18_50_f28_dcdn,24,ptlens,0.00309,-0.01385,0.02,1.534,1.5,,Sigma 18-50mm F2.8 DC DN | Contemporary 021,lensfun mil-sigma.xml
sigma_c_18_50_f28_dcdn,28.4,ptlens,0.01602,-0.03101,0.01928,1.534,1.5,,Sigma 18-50mm F2.8 DC DN | Contemporary 021,lensfun mil-sigma.xml
sigma_c_18_50_f28_dcdn,35.1,ptlens,0.00926,-0.00013,-0.00806,1.534,1.5,,Sigma 18-50mm F2.8 DC DN | Contemporary 021,lensfun mil-sigma.xml
sigma_c_18_50_f28_dcdn,50,ptlens,0.00941,-0.00339,-0.00339,1.534,1.5,,Sigma 18-50mm F2.8 DC DN | Contemporary 021,lensfun mil-sigma.xml
sigma_c_28_70_f28_dgdn,28.0,ptlens,0.0231531,-0.0602009,0.00137773,1,1.5,,28-70mm F2.8 DG DN | Contemporary 021,lensfun mil-sigma.xml
sigma_c_28_70_f28_dgdn,32.0,ptlens,0.019141,-0.0437372,0.00220297,1,1.5,,28-70mm F2.8 DG DN | Contemporary 021,lensfun mil-sigma.xml
sigma_c_28_70_f28_dgdn,42.0,ptlens,0.0106437,-0.011167,-0.00572176,1,1.5,,28-70mm F2.8 DG DN | Contemporary 021,lensfun mil-sigma.xml
sigma_c_28_70_f28_dgdn,50.0,ptlens,0.01185,-0.0154665,0.0156092,1,1.5,,28-70mm F2.8 DG DN | Contemporary 021,lensfun mil-sigma.xml
sigma_c_28_70_f28_dgdn,56.0,ptlens,0.0124585,-0.0180694,0.0237966,1,1.5,,28-70mm F2.8 DG DN | Contemporary 021,lensfun mil-sigma.xml
sigma_c_28_70_f28_dgdn,70.0,ptlens,0.0143533,-0.0188212,0.0189676,1,1.5,,28-70mm F2.8 DG DN | Contemporary 021,lensfun mil-sigma.xml
sony_gm_24_70_f28_ii,24,ptlens,0.0169920,-0.0493064,0.0160732,1,1.5,,FE 24-70mm f/2.8 GM II,lensfun mil-sony.xml
sony_gm_24_70_f28_ii,24,ptlens,0.0169920,-0.0493064,0.0160732,1,1.5,,FE 24-70mm f/2.8 GM II,lensfun mil-sony.xml
sony_gm_24_70_f28_ii,34,ptlens,0.0081637,-0.0167371,0.0089673,1,1.5,,FE 24-70mm f/2.8 GM II,lensfun mil-sony.xml
sony_gm_24_70_f28_ii,35,ptlens,0.0076178,-0.0145799,0.0081068,1,1.5,,FE 24-70mm f/2.8 GM II,lensfun mil-sony.xml
sony_gm_24_70_f28_ii,48,ptlens,0.0018429,0.0047451,-0.0007115,1,1.5,,FE 24-70mm f/2.8 GM II,lensfun mil-sony.xml
sony_gm_24_70_f28_ii,50,ptlens,0.0014227,0.0060085,-0.0015055,1,1.5,,FE 24-70mm f/2.8 GM II,lensfun mil-sony.xml
sony_gm_24_70_f28_ii,70,ptlens,-0.0008176,0.0113116,-0.0043728,1,1.5,,FE 24-70mm f/2.8 GM II,lensfun mil-sony.xml
sony_gm_24_70_f28_ii,70,ptlens,-0.0008176,0.0113116,-0.0043728,1,1.5,,FE 24-70mm f/2.8 GM II,lensfun mil-sony.xml
sony_gm_24_f14,24.0,ptlens,0.019,-0.048,0.029,1,1.5,,FE 24mm f/1.4 GM,lensfun mil-sony.xml
sony_gm_35_f14,35,ptlens,0.02135,-0.05928,0.04611,1,1.5,,FE 35mm f/1.4 GM (SEL35F14GM),lensfun mil-sony.xml
sony_gm_50_f12,50,ptlens,0.0205603,-0.0525022,0.0357073,1,1.5,,FE 50mm f/1.2 GM,lensfun mil-sony.xml
sony_gm_50_f14,50,ptlens,0.0214722,-0.0529950,0.0396203,1,1.5,,FE 50mm f/1.4 GM,lensfun mil-sony.xml
sony_gm_85_f14,85,ptlens,0.002,0.001,-0.009,1,1.5,,FE 85mm f/1.4 GM,lensfun mil-sony.xml
